state,date,daily_cases,percentage
Alabama,2020-04-19,190.0,7.0
Alabama,2020-04-26,200.0,16.0
Alabama,2020-05-03,201.0,22.0
Alabama,2020-05-10,283.0,33.0
Alabama,2020-05-17,304.0,38.0
Alabama,2020-05-24,364.0,40.0
Alabama,2020-05-31,486.0,45.0
Alabama,2020-06-07,325.0,41.0
Alabama,2020-06-14,711.0,60.0
Alabama,2020-06-21,549.0,61.0
Alabama,2020-06-28,989.0,38.0
Alabama,2020-07-05,1086.0,46.0
Alabama,2020-07-12,1473.0,40.0
Alabama,2020-07-19,1979.0,44.0
Alabama,2020-07-26,1552.0,37.0
Alabama,2020-08-02,1760.0,34.0
Alabama,2020-08-09,1159.0,45.0
Alabama,2020-08-16,925.0,30.0
Alabama,2020-08-23,1281.0,29.0
Alabama,2020-08-30,1276.0,15.0
Alabama,2020-09-06,985.0,32.0
Alabama,2020-09-13,969.0,38.0
Alabama,2020-09-20,810.0,29.0
Alabama,2020-09-27,877.0,21.0
Alabama,2020-10-04,955.0,19.0
Alabama,2020-10-11,801.0,18.0
Alabama,2020-10-18,1100.0,23.0
Alabama,2020-10-25,1264.0,20.0
Alabama,2020-11-01,1338.0,12.0
Alabama,2020-11-08,1423.0,11.0
Alabama,2020-11-15,2000.0,9.0
Alabama,2020-11-22,2335.0,3.0
Alabama,2020-11-29,2119.0,3.0
Alabama,2020-12-06,3390.0,-10.0
Alabama,2020-12-13,3853.0,-4.0
Alabama,2020-12-20,4107.0,-15.0
Alabama,2020-12-27,3625.0,2.0
Alabama,2021-01-03,3907.0,-2.0
Alabama,2021-01-10,4863.0,-22.0
Alabama,2021-01-17,3147.0,-17.0
Alabama,2021-01-24,2881.0,-10.0
Alabama,2021-01-31,2848.0,-12.0
Alabama,2021-02-07,2078.0,-21.0
Alabama,2021-02-14,1189.0,-28.0
Alabama,2021-02-21,847.0,-28.0
Alaska,2020-04-19,7.0,19.0
Alaska,2020-04-26,2.0,27.0
Alaska,2020-05-03,4.0,60.0
Alaska,2020-05-10,2.0,81.0
Alaska,2020-05-17,0.0,113.0
Alaska,2020-05-24,1.0,95.0
Alaska,2020-05-31,2.0,142.0
Alaska,2020-06-07,12.0,138.0
Alaska,2020-06-14,17.0,177.0
Alaska,2020-06-21,12.0,147.0
Alaska,2020-06-28,18.0,148.0
Alaska,2020-07-05,38.0,215.0
Alaska,2020-07-12,42.0,169.0
Alaska,2020-07-19,60.0,192.0
Alaska,2020-07-26,79.0,182.0
Alaska,2020-08-02,109.0,187.5
Alaska,2020-08-09,54.0,184.0
Alaska,2020-08-16,83.0,175.0
Alaska,2020-08-23,,
Alaska,2020-08-30,,
Alaska,2020-09-06,,
Alaska,2020-09-13,103.0,186.0
Alaska,2020-09-20,75.0,99.0
Alaska,2020-09-27,93.0,73.0
Alaska,2020-10-04,124.0,58.0
Alaska,2020-10-11,177.0,57.0
Alaska,2020-10-18,191.0,35.0
Alaska,2020-10-25,220.0,26.0
Alaska,2020-11-01,386.0,6.0
Alaska,2020-11-08,391.0,-5.0
Alaska,2020-11-15,520.0,-2.0
Alaska,2020-11-22,585.0,-7.0
Alaska,2020-11-29,590.0,-6.0
Alaska,2020-12-06,687.0,-10.0
Alaska,2020-12-13,591.0,-5.0
Alaska,2020-12-20,430.0,-6.0
Alaska,2020-12-27,276.0,3.0
Alaska,2021-01-03,302.0,6.0
Alaska,2021-01-10,319.0,-6.0
Alaska,2021-01-17,260.0,-4.0
Alaska,2021-01-24,212.0,-2.0
Alaska,2021-01-31,165.0,3.0
Alaska,2021-02-07,135.0,-1.0
Alaska,2021-02-14,154.0,-3.0
Alaska,2021-02-21,63.0,-1.0
Arizona,2020-04-19,209.0,-17.0
Arizona,2020-04-26,229.0,-17.5
Arizona,2020-05-03,254.0,-19.0
Arizona,2020-05-10,381.0,-18.0
Arizona,2020-05-17,458.0,-10.0
Arizona,2020-05-24,330.0,2.0
Arizona,2020-05-31,454.0,-9.0
Arizona,2020-06-07,1012.0,-16.0
Arizona,2020-06-14,1538.0,-7.0
Arizona,2020-06-21,2341.0,-7.0
Arizona,2020-06-28,3091.0,-12.0
Arizona,2020-07-05,3796.0,-9.0
Arizona,2020-07-12,3536.0,-17.0
Arizona,2020-07-19,3257.0,-19.0
Arizona,2020-07-26,2359.0,-14.0
Arizona,2020-08-02,2339.0,-18.0
Arizona,2020-08-09,1397.0,-15.0
Arizona,2020-08-16,927.0,-19.0
Arizona,2020-08-23,723.0,-24.0
Arizona,2020-08-30,519.0,-22.0
Arizona,2020-09-06,519.0,-15.0
Arizona,2020-09-13,461.0,-8.0
Arizona,2020-09-20,609.0,-11.0
Arizona,2020-09-27,470.0,-18.0
Arizona,2020-10-04,551.0,-18.0
Arizona,2020-10-11,683.0,-11.0
Arizona,2020-10-18,738.0,-11.0
Arizona,2020-10-25,975.0,-11.0
Arizona,2020-11-01,1315.0,-17.0
Arizona,2020-11-08,1679.0,-16.0
Arizona,2020-11-15,2030.0,-19.0
Arizona,2020-11-22,3206.0,-19.0
Arizona,2020-11-29,4136.0,-16.0
Arizona,2020-12-06,5442.0,-26.0
Arizona,2020-12-13,5376.0,-28.0
Arizona,2020-12-20,5817.0,-31.0
Arizona,2020-12-27,6106.0,-26.0
Arizona,2021-01-03,7718.0,-18.0
Arizona,2021-01-10,9913.0,-26.0
Arizona,2021-01-17,8715.0,-25.0
Arizona,2021-01-24,6981.0,-30.0
Arizona,2021-01-31,5119.0,-31.0
Arizona,2021-02-07,3741.0,-21.0
Arizona,2021-02-14,1977.0,-18.0
Arizona,2021-02-21,1338.0,-18.0
Arkansas,2020-04-19,71.0,23.0
Arkansas,2020-04-26,201.5,34.5
Arkansas,2020-05-03,66.0,51.0
Arkansas,2020-05-10,54.0,60.0
Arkansas,2020-05-17,115.0,40.0
Arkansas,2020-05-24,154.0,99.0
Arkansas,2020-05-31,151.0,80.0
Arkansas,2020-06-07,249.0,106.0
Arkansas,2020-06-14,340.0,129.0
Arkansas,2020-06-21,415.0,118.0
Arkansas,2020-06-28,595.0,105.0
Arkansas,2020-07-05,520.0,112.0
Arkansas,2020-07-12,734.0,93.0
Arkansas,2020-07-19,648.0,103.0
Arkansas,2020-07-26,728.0,100.0
Arkansas,2020-08-02,752.0,92.0
Arkansas,2020-08-09,784.0,110.0
Arkansas,2020-08-16,626.0,92.0
Arkansas,2020-08-23,673.0,82.0
Arkansas,2020-08-30,649.0,54.0
Arkansas,2020-09-06,496.5,66.5
Arkansas,2020-09-13,687.0,93.0
Arkansas,2020-09-20,870.0,103.0
Arkansas,2020-09-27,809.0,77.0
Arkansas,2020-10-04,807.0,73.0
Arkansas,2020-10-11,809.0,83.0
Arkansas,2020-10-18,883.0,78.0
Arkansas,2020-10-25,1155.0,61.0
Arkansas,2020-11-01,961.0,22.0
Arkansas,2020-11-08,1293.0,58.0
Arkansas,2020-11-15,1809.0,45.0
Arkansas,2020-11-22,1715.0,40.0
Arkansas,2020-11-29,1352.0,34.0
Arkansas,2020-12-06,2212.0,17.0
Arkansas,2020-12-13,2283.0,9.0
Arkansas,2020-12-20,2306.0,11.0
Arkansas,2020-12-27,1941.0,27.0
Arkansas,2021-01-03,2708.0,0.0
Arkansas,2021-01-10,2944.0,-3.0
Arkansas,2021-01-17,2543.0,5.0
Arkansas,2021-01-24,1613.0,9.0
Arkansas,2021-01-31,1777.0,-1.0
Arkansas,2021-02-07,1510.0,2.0
Arkansas,2021-02-14,954.0,-25.0
Arkansas,2021-02-21,320.0,-39.0
California,2020-04-19,1315.0,-36.0
California,2020-04-26,1905.0,-30.0
California,2020-05-03,1402.0,-23.0
California,2020-05-10,1674.0,-18.0
California,2020-05-17,1835.0,-16.0
California,2020-05-24,2169.0,-4.0
California,2020-05-31,2814.0,-5.0
California,2020-06-07,2746.0,-6.0
California,2020-06-14,3345.0,7.0
California,2020-06-21,4132.0,9.0
California,2020-06-28,5716.0,8.0
California,2020-07-05,7779.0,10.0
California,2020-07-12,8523.0,11.0
California,2020-07-19,8977.0,11.0
California,2020-07-26,9247.0,13.0
California,2020-08-02,7687.0,13.0
California,2020-08-09,5913.0,15.0
California,2020-08-16,5949.0,8.0
California,2020-08-23,5543.0,-5.0
California,2020-08-30,5391.0,-1.0
California,2020-09-06,4745.0,2.0
California,2020-09-13,3449.0,-15.0
California,2020-09-20,3597.0,-5.0
California,2020-09-27,3517.0,-7.0
California,2020-10-04,3150.0,-12.0
California,2020-10-11,3295.0,-11.0
California,2020-10-18,3050.0,-4.0
California,2020-10-25,4098.0,-10.0
California,2020-11-01,4365.0,-13.0
California,2020-11-08,5576.0,-19.0
California,2020-11-15,8230.0,-21.0
California,2020-11-22,12109.0,-25.0
California,2020-11-29,14479.0,-19.0
California,2020-12-06,19246.0,-25.0
California,2020-12-13,29520.0,-30.0
California,2020-12-20,44010.0,-29.0
California,2020-12-27,39525.0,-24.0
California,2021-01-03,36090.0,-19.0
California,2021-01-10,38962.0,-30.0
California,2021-01-17,39525.0,-24.0
California,2021-01-24,25073.0,-32.0
California,2021-01-31,19626.0,-42.0
California,2021-02-07,13315.0,-24.0
California,2021-02-14,9741.0,-23.0
California,2021-02-21,6113.0,-19.0
Colorado,2020-04-19,356.0,-27.0
Colorado,2020-04-26,565.0,12.5
Colorado,2020-05-03,442.0,40.0
Colorado,2020-05-10,457.0,33.0
Colorado,2020-05-17,328.0,36.0
Colorado,2020-05-24,305.0,62.0
Colorado,2020-05-31,296.0,65.0
Colorado,2020-06-07,255.0,74.0
Colorado,2020-06-14,164.0,96.0
Colorado,2020-06-21,169.0,89.0
Colorado,2020-06-28,226.0,92.0
Colorado,2020-07-05,260.0,110.0
Colorado,2020-07-12,407.0,98.0
Colorado,2020-07-19,450.0,99.0
Colorado,2020-07-26,615.0,99.0
Colorado,2020-08-02,482.0,108.0
Colorado,2020-08-09,448.0,108.0
Colorado,2020-08-16,336.0,95.0
Colorado,2020-08-23,270.0,78.0
Colorado,2020-08-30,267.0,63.0
Colorado,2020-09-06,244.0,85.0
Colorado,2020-09-13,264.0,71.0
Colorado,2020-09-20,459.0,75.0
Colorado,2020-09-27,584.0,66.0
Colorado,2020-10-04,569.0,51.0
Colorado,2020-10-11,731.0,54.0
Colorado,2020-10-18,1048.0,39.0
Colorado,2020-10-25,1267.0,13.0
Colorado,2020-11-01,1806.0,7.0
Colorado,2020-11-08,2928.0,12.0
Colorado,2020-11-15,3975.0,-9.0
Colorado,2020-11-22,4650.0,4.0
Colorado,2020-11-29,4191.0,-11.0
Colorado,2020-12-06,4405.0,-9.0
Colorado,2020-12-13,3971.0,-18.0
Colorado,2020-12-20,2911.0,-29.0
Colorado,2020-12-27,2516.0,-3.0
Colorado,2021-01-03,2011.0,-16.0
Colorado,2021-01-10,2837.0,-15.0
Colorado,2021-01-17,2201.0,-17.0
Colorado,2021-01-24,1685.0,-14.0
Colorado,2021-01-31,1441.0,-15.0
Colorado,2021-02-07,1230.0,-18.0
Colorado,2021-02-14,1074.0,-30.0
Colorado,2021-02-21,1117.0,-26.0
Connecticut,2020-04-19,766.0,8.0
Connecticut,2020-04-26,741.5,-11.5
Connecticut,2020-05-03,686.0,19.0
Connecticut,2020-05-10,627.0,37.0
Connecticut,2020-05-17,570.0,61.0
Connecticut,2020-05-24,432.0,74.0
Connecticut,2020-05-31,271.0,87.0
Connecticut,2020-06-07,221.0,60.0
Connecticut,2020-06-14,150.0,100.0
Connecticut,2020-06-21,114.0,108.0
Connecticut,2020-06-28,65.0,104.0
Connecticut,2020-07-05,71.0,68.0
Connecticut,2020-07-12,75.0,111.0
Connecticut,2020-07-19,106.0,113.0
Connecticut,2020-07-26,41.0,97.0
Connecticut,2020-08-02,130.0,92.0
Connecticut,2020-08-09,48.0,101.0
Connecticut,2020-08-16,76.0,97.0
Connecticut,2020-08-23,87.0,102.0
Connecticut,2020-08-30,130.0,81.0
Connecticut,2020-09-06,102.0,87.0
Connecticut,2020-09-13,89.0,86.0
Connecticut,2020-09-20,136.0,70.0
Connecticut,2020-09-27,136.0,60.0
Connecticut,2020-10-04,192.0,51.0
Connecticut,2020-10-11,123.0,48.0
Connecticut,2020-10-18,167.0,59.0
Connecticut,2020-10-25,434.0,39.0
Connecticut,2020-11-01,538.0,-2.0
Connecticut,2020-11-08,985.0,29.0
Connecticut,2020-11-15,1521.0,0.0
Connecticut,2020-11-22,2042.0,-6.0
Connecticut,2020-11-29,540.0,4.0
Connecticut,2020-12-06,1538.0,-3.0
Connecticut,2020-12-13,2414.0,0.0
Connecticut,2020-12-20,2319.0,-23.0
Connecticut,2020-12-27,1583.0,-11.0
Connecticut,2021-01-03,1696.0,-7.0
Connecticut,2021-01-10,2486.0,-17.0
Connecticut,2021-01-17,1878.0,-14.0
Connecticut,2021-01-24,1915.0,-14.0
Connecticut,2021-01-31,1267.0,-27.0
Connecticut,2021-02-07,937.0,-31.0
Connecticut,2021-02-14,869.0,-27.0
Connecticut,2021-02-21,547.0,-27.0
Delaware,2020-04-19,133.0,-11.0
Delaware,2020-04-26,186.0,-13.0
Delaware,2020-05-03,124.0,4.5
Delaware,2020-05-10,163.5,14.0
Delaware,2020-05-17,193.5,29.0
Delaware,2020-05-24,162.5,19.0
Delaware,2020-05-31,128.5,60.0
Delaware,2020-06-07,76.0,65.0
Delaware,2020-06-14,48.0,90.0
Delaware,2020-06-21,63.0,98.0
Delaware,2020-06-28,45.0,128.0
Delaware,2020-07-05,98.0,138.0
Delaware,2020-07-12,106.0,115.0
Delaware,2020-07-19,81.0,129.0
Delaware,2020-07-26,105.0,101.0
Delaware,2020-08-02,115.0,112.0
Delaware,2020-08-09,82.0,80.0
Delaware,2020-08-16,65.0,89.0
Delaware,2020-08-23,,
Delaware,2020-08-30,,
Delaware,2020-09-06,,
Delaware,2020-09-13,162.5,87.5
Delaware,2020-09-20,92.5,84.5
Delaware,2020-09-27,97.5,67.0
Delaware,2020-10-04,135.5,51.0
Delaware,2020-10-11,119.0,54.5
Delaware,2020-10-18,118.5,44.5
Delaware,2020-10-25,140.0,41.5
Delaware,2020-11-01,152.0,-2.5
Delaware,2020-11-08,180.0,23.0
Delaware,2020-11-15,267.5,-1.0
Delaware,2020-11-22,397.5,0.0
Delaware,2020-11-29,470.0,9.5
Delaware,2020-12-06,635.0,-11.5
Delaware,2020-12-13,807.5,-9.0
Delaware,2020-12-20,813.0,-34.0
Delaware,2020-12-27,589.5,-12.0
Delaware,2021-01-03,642.5,-5.5
Delaware,2021-01-10,808.0,-19.0
Delaware,2021-01-17,686.0,-10.0
Delaware,2021-01-24,649.0,-20.0
Delaware,2021-01-31,616.0,-32.5
Delaware,2021-02-07,286.0,-34.0
Delaware,2021-02-14,373.0,-34.0
Delaware,2021-02-21,253.5,-26.0
District of Columbia,2020-04-19,127.0,-61.0
District of Columbia,2020-04-26,161.0,-59.0
District of Columbia,2020-05-03,139.0,-56.0
District of Columbia,2020-05-10,193.0,-61.0
District of Columbia,2020-05-17,135.0,-43.0
District of Columbia,2020-05-24,117.0,-53.0
District of Columbia,2020-05-31,109.0,-42.0
District of Columbia,2020-06-07,79.0,-35.0
District of Columbia,2020-06-14,63.0,-30.0
District of Columbia,2020-06-21,32.0,-32.0
District of Columbia,2020-06-28,34.0,-29.0
District of Columbia,2020-07-05,35.0,-32.0
District of Columbia,2020-07-12,54.0,-35.0
District of Columbia,2020-07-19,50.0,-31.0
District of Columbia,2020-07-26,78.0,-40.0
District of Columbia,2020-08-02,58.0,-33.0
District of Columbia,2020-08-09,71.0,-33.0
District of Columbia,2020-08-16,65.0,-37.0
District of Columbia,2020-08-23,55.0,-27.0
District of Columbia,2020-08-30,57.0,-31.0
District of Columbia,2020-09-06,51.0,-35.0
District of Columbia,2020-09-13,36.0,-34.0
District of Columbia,2020-09-20,56.0,-32.0
District of Columbia,2020-09-27,52.0,-33.0
District of Columbia,2020-10-04,35.0,-35.0
District of Columbia,2020-10-11,75.0,-33.0
District of Columbia,2020-10-18,64.0,-33.0
District of Columbia,2020-10-25,50.0,-33.0
District of Columbia,2020-11-01,70.0,-41.0
District of Columbia,2020-11-08,86.0,-36.0
District of Columbia,2020-11-15,128.0,-35.0
District of Columbia,2020-11-22,156.0,-45.0
District of Columbia,2020-11-29,190.0,-43.0
District of Columbia,2020-12-06,157.0,-54.0
District of Columbia,2020-12-13,264.0,-49.0
District of Columbia,2020-12-20,238.0,-56.0
District of Columbia,2020-12-27,210.0,-46.0
District of Columbia,2021-01-03,225.0,-46.0
District of Columbia,2021-01-10,268.0,-49.0
District of Columbia,2021-01-17,320.0,-52.0
District of Columbia,2021-01-24,209.0,-46.0
District of Columbia,2021-01-31,224.0,-58.0
District of Columbia,2021-02-07,191.0,-56.0
District of Columbia,2021-02-14,137.0,-56.0
District of Columbia,2021-02-21,121.0,-59.0
Florida,2020-04-19,832.0,-52.0
Florida,2020-04-26,777.5,-52.0
Florida,2020-05-03,693.0,-36.0
Florida,2020-05-10,615.0,-26.0
Florida,2020-05-17,673.0,-28.0
Florida,2020-05-24,776.0,-22.0
Florida,2020-05-31,740.0,-20.0
Florida,2020-06-07,1270.0,-30.0
Florida,2020-06-14,1371.0,-14.0
Florida,2020-06-21,2783.0,-8.0
Florida,2020-06-28,5004.0,-11.0
Florida,2020-07-05,8530.0,-16.0
Florida,2020-07-12,9989.0,-19.0
Florida,2020-07-19,11466.0,-20.0
Florida,2020-07-26,10347.0,-20.0
Florida,2020-08-02,9344.0,-24.0
Florida,2020-08-09,7104.0,-18.0
Florida,2020-08-16,6229.0,-19.0
Florida,2020-08-23,4115.0,-28.0
Florida,2020-08-30,3197.0,-23.0
Florida,2020-09-06,3198.0,-20.0
Florida,2020-09-13,2472.0,-29.0
Florida,2020-09-20,3116.0,-24.0
Florida,2020-09-27,2541.0,-27.0
Florida,2020-10-04,2628.0,-33.0
Florida,2020-10-11,2251.0,-25.0
Florida,2020-10-18,3356.0,-21.0
Florida,2020-10-25,3662.0,-27.0
Florida,2020-11-01,4115.0,-22.0
Florida,2020-11-08,4651.0,-30.0
Florida,2020-11-15,5607.0,-39.0
Florida,2020-11-22,8409.0,-29.0
Florida,2020-11-29,6587.0,-23.0
Florida,2020-12-06,9994.0,-29.0
Florida,2020-12-13,9592.0,-28.0
Florida,2020-12-20,11541.0,-33.0
Florida,2020-12-27,11015.0,-23.0
Florida,2021-01-03,12075.0,-8.0
Florida,2021-01-10,15445.0,-30.0
Florida,2021-01-17,13720.0,-30.0
Florida,2021-01-24,11914.0,-22.0
Florida,2021-01-31,9594.0,-23.0
Florida,2021-02-07,7711.0,-31.0
Florida,2021-02-14,7515.0,-21.0
Florida,2021-02-21,6297.0,-15.0
Georgia,2020-04-19,682.0,-2.0
Georgia,2020-04-26,700.0,8.5
Georgia,2020-05-03,816.0,15.0
Georgia,2020-05-10,563.0,17.0
Georgia,2020-05-17,550.0,32.0
Georgia,2020-05-24,760.0,26.0
Georgia,2020-05-31,615.0,44.0
Georgia,2020-06-07,738.0,47.0
Georgia,2020-06-14,752.0,44.0
Georgia,2020-06-21,882.0,50.0
Georgia,2020-06-28,1714.0,28.0
Georgia,2020-07-05,2784.0,46.0
Georgia,2020-07-12,3184.0,41.0
Georgia,2020-07-19,3637.0,48.0
Georgia,2020-07-26,3406.0,41.0
Georgia,2020-08-02,3660.0,42.0
Georgia,2020-08-09,3182.0,42.0
Georgia,2020-08-16,3227.0,32.0
Georgia,2020-08-23,2592.0,28.0
Georgia,2020-08-30,2298.0,24.0
Georgia,2020-09-06,2066.0,35.0
Georgia,2020-09-13,1658.0,47.0
Georgia,2020-09-20,1847.0,34.0
Georgia,2020-09-27,1184.0,30.0
Georgia,2020-10-04,1275.0,31.0
Georgia,2020-10-11,1237.0,22.0
Georgia,2020-10-18,1297.0,41.0
Georgia,2020-10-25,1312.0,35.0
Georgia,2020-11-01,1491.0,24.0
Georgia,2020-11-08,2610.0,20.0
Georgia,2020-11-15,2982.0,12.0
Georgia,2020-11-22,3424.0,2.0
Georgia,2020-11-29,3038.0,4.0
Georgia,2020-12-06,5017.0,-14.0
Georgia,2020-12-13,5577.0,-8.0
Georgia,2020-12-20,6624.0,-14.0
Georgia,2020-12-27,6054.0,-2.0
Georgia,2021-01-03,9053.0,4.0
Georgia,2021-01-10,9790.0,-17.0
Georgia,2021-01-17,8596.0,-20.0
Georgia,2021-01-24,8068.0,-12.0
Georgia,2021-01-31,6384.0,-20.0
Georgia,2021-02-07,4842.0,-28.0
Georgia,2021-02-14,3721.0,-21.0
Georgia,2021-02-21,3336.0,-11.0
Hawaii,2020-04-19,7.0,-63.0
Hawaii,2020-04-26,4.0,-63.0
Hawaii,2020-05-03,1.0,-58.0
Hawaii,2020-05-10,1.0,-52.0
Hawaii,2020-05-17,1.0,-48.0
Hawaii,2020-05-24,1.0,-44.0
Hawaii,2020-05-31,1.0,-38.0
Hawaii,2020-06-07,1.0,-37.0
Hawaii,2020-06-14,6.0,-36.0
Hawaii,2020-06-21,8.0,-40.0
Hawaii,2020-06-28,15.0,-35.0
Hawaii,2020-07-05,20.0,-32.0
Hawaii,2020-07-12,28.0,-37.0
Hawaii,2020-07-19,21.0,-35.0
Hawaii,2020-07-26,27.0,-37.0
Hawaii,2020-08-02,86.0,-36.0
Hawaii,2020-08-09,172.0,-42.0
Hawaii,2020-08-16,202.0,-54.0
Hawaii,2020-08-23,228.0,-57.0
Hawaii,2020-08-30,264.0,-56.0
Hawaii,2020-09-06,211.0,-58.0
Hawaii,2020-09-13,129.0,-54.0
Hawaii,2020-09-20,109.0,-52.0
Hawaii,2020-09-27,90.0,-57.0
Hawaii,2020-10-04,98.0,-53.0
Hawaii,2020-10-11,83.0,-46.0
Hawaii,2020-10-18,90.0,-51.0
Hawaii,2020-10-25,88.0,-50.0
Hawaii,2020-11-01,68.0,-50.0
Hawaii,2020-11-08,99.0,-46.0
Hawaii,2020-11-15,117.0,-44.0
Hawaii,2020-11-22,94.0,-49.0
Hawaii,2020-11-29,113.0,-45.0
Hawaii,2020-12-06,85.0,-45.0
Hawaii,2020-12-13,104.0,-47.0
Hawaii,2020-12-20,136.0,-46.0
Hawaii,2020-12-27,125.0,-37.0
Hawaii,2021-01-03,104.0,-33.0
Hawaii,2021-01-10,125.0,-42.0
Hawaii,2021-01-17,162.0,-44.0
Hawaii,2021-01-24,115.0,-46.0
Hawaii,2021-01-31,109.0,-46.0
Hawaii,2021-02-07,84.0,-47.0
Hawaii,2021-02-14,57.0,-39.0
Hawaii,2021-02-21,43.0,-40.0
Idaho,2020-04-19,22.0,68.0
Idaho,2020-04-26,32.0,90.0
Idaho,2020-05-03,31.0,107.0
Idaho,2020-05-10,24.0,127.5
Idaho,2020-05-17,31.5,92.0
Idaho,2020-05-24,0.0,84.0
Idaho,2020-05-31,32.0,189.5
Idaho,2020-06-07,32.0,180.5
Idaho,2020-06-14,16.0,195.0
Idaho,2020-06-21,87.0,199.0
Idaho,2020-06-28,199.0,253.0
Idaho,2020-07-05,309.0,243.0
Idaho,2020-07-12,445.0,249.0
Idaho,2020-07-19,501.0,254.0
Idaho,2020-07-26,499.0,260.0
Idaho,2020-08-02,528.0,237.0
Idaho,2020-08-09,560.0,237.0
Idaho,2020-08-16,494.0,231.0
Idaho,2020-08-23,,
Idaho,2020-08-30,263.0,199.0
Idaho,2020-09-06,,
Idaho,2020-09-13,333.0,175.0
Idaho,2020-09-20,283.0,150.0
Idaho,2020-09-27,446.0,125.0
Idaho,2020-10-04,511.0,124.0
Idaho,2020-10-11,660.0,124.0
Idaho,2020-10-18,645.0,105.0
Idaho,2020-10-25,950.0,69.0
Idaho,2020-11-01,862.0,68.0
Idaho,2020-11-08,1265.0,51.0
Idaho,2020-11-15,1266.0,9.0
Idaho,2020-11-22,1310.0,26.0
Idaho,2020-11-29,1437.0,27.0
Idaho,2020-12-06,1429.0,19.0
Idaho,2020-12-13,1582.0,12.0
Idaho,2020-12-20,1340.0,10.0
Idaho,2020-12-27,917.0,29.0
Idaho,2021-01-03,1122.0,28.0
Idaho,2021-01-10,1067.0,2.0
Idaho,2021-01-17,994.0,9.0
Idaho,2021-01-24,598.0,8.0
Idaho,2021-01-31,527.0,8.0
Idaho,2021-02-07,404.0,12.0
Idaho,2021-02-14,349.0,11.0
Idaho,2021-02-21,286.0,0.0
Illinois,2020-04-19,1223.0,-28.0
Illinois,2020-04-26,1939.0,-5.0
Illinois,2020-05-03,2256.0,10.0
Illinois,2020-05-10,2343.0,-2.0
Illinois,2020-05-17,2088.0,30.0
Illinois,2020-05-24,2294.0,36.0
Illinois,2020-05-31,1527.0,62.0
Illinois,2020-06-07,982.0,53.0
Illinois,2020-06-14,673.0,81.0
Illinois,2020-06-21,623.0,88.0
Illinois,2020-06-28,715.0,96.0
Illinois,2020-07-05,738.0,100.0
Illinois,2020-07-12,1018.0,78.0
Illinois,2020-07-19,1187.0,103.0
Illinois,2020-07-26,1426.0,105.0
Illinois,2020-08-02,1541.0,103.0
Illinois,2020-08-09,1759.0,114.0
Illinois,2020-08-16,1645.0,98.0
Illinois,2020-08-23,1832.0,95.0
Illinois,2020-08-30,1880.0,68.0
Illinois,2020-09-06,1992.0,88.0
Illinois,2020-09-13,1413.0,52.0
Illinois,2020-09-20,1943.0,84.0
Illinois,2020-09-27,1850.0,70.0
Illinois,2020-10-04,2164.0,33.0
Illinois,2020-10-11,2630.0,62.0
Illinois,2020-10-18,2866.0,24.0
Illinois,2020-10-25,4342.0,18.0
Illinois,2020-11-01,6110.0,1.0
Illinois,2020-11-08,7538.0,41.0
Illinois,2020-11-15,12623.0,-7.0
Illinois,2020-11-22,11891.0,1.0
Illinois,2020-11-29,9469.0,-13.0
Illinois,2020-12-06,9887.0,-11.0
Illinois,2020-12-13,8691.0,-24.0
Illinois,2020-12-20,7359.0,-26.0
Illinois,2020-12-27,6003.0,-12.0
Illinois,2021-01-03,5644.0,-27.0
Illinois,2021-01-10,6839.0,-33.0
Illinois,2021-01-17,5862.0,-30.0
Illinois,2021-01-24,4822.0,-34.0
Illinois,2021-01-31,3667.0,-34.0
Illinois,2021-02-07,3062.0,-44.0
Illinois,2021-02-14,2092.0,-46.0
Illinois,2021-02-21,1795.0,-43.0
Indiana,2020-04-19,487.0,13.0
Indiana,2020-04-26,539.0,64.5
Indiana,2020-05-03,653.0,100.0
Indiana,2020-05-10,633.0,67.0
Indiana,2020-05-17,501.0,61.0
Indiana,2020-05-24,492.0,75.0
Indiana,2020-05-31,475.0,129.0
Indiana,2020-06-07,407.0,156.0
Indiana,2020-06-14,398.0,166.0
Indiana,2020-06-21,356.0,178.0
Indiana,2020-06-28,362.0,178.0
Indiana,2020-07-05,366.0,206.0
Indiana,2020-07-12,512.0,149.0
Indiana,2020-07-19,685.0,157.0
Indiana,2020-07-26,917.0,157.0
Indiana,2020-08-02,852.0,157.0
Indiana,2020-08-09,822.0,169.0
Indiana,2020-08-16,1041.0,137.0
Indiana,2020-08-23,841.0,142.0
Indiana,2020-08-30,938.0,111.0
Indiana,2020-09-06,883.0,129.0
Indiana,2020-09-13,758.0,152.0
Indiana,2020-09-20,837.0,128.0
Indiana,2020-09-27,746.0,106.0
Indiana,2020-10-04,953.0,72.0
Indiana,2020-10-11,1281.0,106.0
Indiana,2020-10-18,1574.0,85.0
Indiana,2020-10-25,1732.0,56.0
Indiana,2020-11-01,2548.0,30.0
Indiana,2020-11-08,3698.0,71.0
Indiana,2020-11-15,5036.0,27.0
Indiana,2020-11-22,6710.0,17.0
Indiana,2020-11-29,5643.0,10.0
Indiana,2020-12-06,6597.0,13.0
Indiana,2020-12-13,6518.0,24.0
Indiana,2020-12-20,5898.0,-1.0
Indiana,2020-12-27,4662.0,13.0
Indiana,2021-01-03,4735.0,-7.0
Indiana,2021-01-10,5966.0,-10.0
Indiana,2021-01-17,3889.0,-4.0
Indiana,2021-01-24,3093.0,-9.0
Indiana,2021-01-31,2334.0,-14.0
Indiana,2021-02-07,1709.0,-18.0
Indiana,2021-02-14,1419.0,-21.0
Indiana,2021-02-21,923.0,-28.0
Iowa,2020-04-19,181.0,23.0
Iowa,2020-04-26,369.5,111.0
Iowa,2020-05-03,467.0,150.0
Iowa,2020-05-10,408.0,103.0
Iowa,2020-05-17,377.0,94.0
Iowa,2020-05-24,324.0,143.0
Iowa,2020-05-31,306.0,203.0
Iowa,2020-06-07,320.0,175.0
Iowa,2020-06-14,347.0,233.0
Iowa,2020-06-21,222.0,213.0
Iowa,2020-06-28,344.0,221.0
Iowa,2020-07-05,440.0,224.0
Iowa,2020-07-12,471.0,184.0
Iowa,2020-07-19,553.0,225.0
Iowa,2020-07-26,500.0,216.0
Iowa,2020-08-02,471.0,222.0
Iowa,2020-08-09,481.0,215.0
Iowa,2020-08-16,400.0,187.0
Iowa,2020-08-23,,
Iowa,2020-08-30,,
Iowa,2020-09-06,,
Iowa,2020-09-13,691.0,68.5
Iowa,2020-09-20,657.0,162.0
Iowa,2020-09-27,877.0,131.0
Iowa,2020-10-04,978.0,89.0
Iowa,2020-10-11,1161.0,141.0
Iowa,2020-10-18,969.0,92.0
Iowa,2020-10-25,1142.0,31.0
Iowa,2020-11-01,2072.0,33.0
Iowa,2020-11-08,2888.0,89.0
Iowa,2020-11-15,4667.0,24.0
Iowa,2020-11-22,3601.0,31.0
Iowa,2020-11-29,2461.0,10.0
Iowa,2020-12-06,2431.0,24.0
Iowa,2020-12-13,1397.0,21.0
Iowa,2020-12-20,1436.0,6.0
Iowa,2020-12-27,1407.0,-1.0
Iowa,2021-01-03,1350.0,-5.0
Iowa,2021-01-10,1641.0,-7.0
Iowa,2021-01-17,1366.0,-9.0
Iowa,2021-01-24,1219.0,-10.0
Iowa,2021-01-31,1010.0,-20.0
Iowa,2021-02-07,779.0,-22.0
Iowa,2021-02-14,629.0,-27.0
Iowa,2021-02-21,588.0,-23.0
Kansas,2020-04-19,84.0,36.0
Kansas,2020-04-26,171.5,93.5
Kansas,2020-05-03,196.0,102.0
Kansas,2020-05-10,271.0,109.0
Kansas,2020-05-17,181.0,104.0
Kansas,2020-05-24,118.0,135.0
Kansas,2020-05-31,80.0,114.0
Kansas,2020-06-07,75.0,130.0
Kansas,2020-06-14,73.0,153.0
Kansas,2020-06-21,109.0,153.0
Kansas,2020-06-28,177.0,162.0
Kansas,2020-07-05,252.0,142.0
Kansas,2020-07-12,453.0,132.0
Kansas,2020-07-19,462.0,130.0
Kansas,2020-07-26,475.0,130.0
Kansas,2020-08-02,293.0,122.0
Kansas,2020-08-09,361.0,152.0
Kansas,2020-08-16,525.0,119.0
Kansas,2020-08-23,487.0,91.0
Kansas,2020-08-30,543.0,107.0
Kansas,2020-09-06,228.0,98.0
Kansas,2020-09-13,465.0,78.5
Kansas,2020-09-20,436.0,117.0
Kansas,2020-09-27,408.0,89.0
Kansas,2020-10-04,374.0,88.0
Kansas,2020-10-11,337.0,92.0
Kansas,2020-10-18,345.0,86.0
Kansas,2020-10-25,621.0,30.0
Kansas,2020-11-01,535.0,22.0
Kansas,2020-11-08,898.0,61.0
Kansas,2020-11-15,455.0,25.0
Kansas,2020-11-22,585.0,32.0
Kansas,2020-11-29,355.0,9.0
Kansas,2020-12-06,308.0,13.0
Kansas,2020-12-13,429.0,14.0
Kansas,2020-12-20,271.0,12.0
Kansas,2020-12-27,137.0,6.0
Kansas,2021-01-03,374.0,-13.0
Kansas,2021-01-10,3950.0,-14.0
Kansas,2021-01-17,306.0,-10.0
Kansas,2021-01-24,187.0,6.0
Kansas,2021-01-31,77.0,-24.0
Kansas,2021-02-07,147.0,-8.0
Kansas,2021-02-14,63.0,-32.0
Kansas,2021-02-21,31.0,-29.0
Kentucky,2020-04-19,162.0,19.0
Kentucky,2020-04-26,145.0,53.0
Kentucky,2020-05-03,171.0,55.0
Kentucky,2020-05-10,159.0,55.0
Kentucky,2020-05-17,219.0,63.0
Kentucky,2020-05-24,134.0,52.0
Kentucky,2020-05-31,126.0,83.0
Kentucky,2020-06-07,272.0,98.0
Kentucky,2020-06-14,189.0,113.0
Kentucky,2020-06-21,202.0,118.0
Kentucky,2020-06-28,242.0,119.0
Kentucky,2020-07-05,218.0,125.0
Kentucky,2020-07-12,400.0,105.0
Kentucky,2020-07-19,454.0,117.0
Kentucky,2020-07-26,646.0,102.0
Kentucky,2020-08-02,572.0,101.0
Kentucky,2020-08-09,542.0,129.0
Kentucky,2020-08-16,612.0,93.0
Kentucky,2020-08-23,639.0,103.0
Kentucky,2020-08-30,748.0,80.0
Kentucky,2020-09-06,788.0,70.5
Kentucky,2020-09-13,658.0,95.0
Kentucky,2020-09-20,718.0,101.0
Kentucky,2020-09-27,784.0,79.0
Kentucky,2020-10-04,917.0,68.0
Kentucky,2020-10-11,989.0,77.0
Kentucky,2020-10-18,1182.0,78.0
Kentucky,2020-10-25,1303.0,67.0
Kentucky,2020-11-01,1811.0,35.0
Kentucky,2020-11-08,1709.0,50.0
Kentucky,2020-11-15,2336.0,27.0
Kentucky,2020-11-22,2911.0,13.0
Kentucky,2020-11-29,2427.0,15.0
Kentucky,2020-12-06,3601.0,-2.0
Kentucky,2020-12-13,3468.0,19.0
Kentucky,2020-12-20,2928.0,-2.0
Kentucky,2020-12-27,1976.0,1.0
Kentucky,2021-01-03,1500.0,-3.0
Kentucky,2021-01-10,4231.0,-12.0
Kentucky,2021-01-17,3227.0,-8.0
Kentucky,2021-01-24,2745.0,-3.0
Kentucky,2021-01-31,2601.0,-13.0
Kentucky,2021-02-07,2256.0,-18.0
Kentucky,2021-02-14,1537.0,-24.0
Kentucky,2021-02-21,1241.0,-28.0
Louisiana,2020-04-19,462.0,-15.0
Louisiana,2020-04-26,402.5,-6.5
Louisiana,2020-05-03,341.0,-3.0
Louisiana,2020-05-10,323.0,-4.0
Louisiana,2020-05-17,280.0,-14.0
Louisiana,2020-05-24,315.0,7.0
Louisiana,2020-05-31,305.0,1.0
Louisiana,2020-06-07,425.0,6.0
Louisiana,2020-06-14,442.0,10.0
Louisiana,2020-06-21,553.0,19.0
Louisiana,2020-06-28,882.0,-7.0
Louisiana,2020-07-05,1383.0,9.0
Louisiana,2020-07-12,1936.0,-5.0
Louisiana,2020-07-19,2089.0,-4.0
Louisiana,2020-07-26,2296.0,-4.0
Louisiana,2020-08-02,1735.0,-1.0
Louisiana,2020-08-09,1482.0,3.0
Louisiana,2020-08-16,1164.0,-2.0
Louisiana,2020-08-23,778.0,-2.0
Louisiana,2020-08-30,623.0,-25.0
Louisiana,2020-09-06,813.0,0.0
Louisiana,2020-09-13,464.0,0.0
Louisiana,2020-09-20,492.0,-5.0
Louisiana,2020-09-27,577.0,-20.0
Louisiana,2020-10-04,533.0,-4.0
Louisiana,2020-10-11,524.0,-6.0
Louisiana,2020-10-18,682.0,-2.0
Louisiana,2020-10-25,699.0,-6.0
Louisiana,2020-11-01,433.0,-13.0
Louisiana,2020-11-08,681.0,-14.0
Louisiana,2020-11-15,1266.0,-13.0
Louisiana,2020-11-22,2229.0,-17.0
Louisiana,2020-11-29,1235.0,-30.0
Louisiana,2020-12-06,2743.0,-30.0
Louisiana,2020-12-13,2426.0,-25.0
Louisiana,2020-12-20,3113.0,-34.0
Louisiana,2020-12-27,2565.0,-23.0
Louisiana,2021-01-03,3223.0,-28.0
Louisiana,2021-01-10,4467.0,-40.0
Louisiana,2021-01-17,3705.0,-32.0
Louisiana,2021-01-24,2138.0,-26.0
Louisiana,2021-01-31,2493.0,-29.0
Louisiana,2021-02-07,2041.0,-27.0
Louisiana,2021-02-14,1177.0,-46.0
Louisiana,2021-02-21,503.0,-55.0
Maine,2020-04-19,31.0,16.0
Maine,2020-04-26,16.0,27.0
Maine,2020-05-03,28.0,19.0
Maine,2020-05-10,32.0,45.0
Maine,2020-05-17,38.0,68.0
Maine,2020-05-24,58.0,145.0
Maine,2020-05-31,37.0,141.0
Maine,2020-06-07,36.0,122.0
Maine,2020-06-14,31.0,157.0
Maine,2020-06-21,25.0,257.0
Maine,2020-06-28,25.0,221.0
Maine,2020-07-05,34.0,255.0
Maine,2020-07-12,18.0,286.0
Maine,2020-07-19,19.0,261.0
Maine,2020-07-26,24.0,308.0
Maine,2020-08-02,24.0,288.0
Maine,2020-08-09,12.0,316.0
Maine,2020-08-16,18.0,322.0
Maine,2020-08-23,,
Maine,2020-08-30,,
Maine,2020-09-06,,
Maine,2020-09-13,159.0,221.0
Maine,2020-09-20,29.0,185.0
Maine,2020-09-27,29.0,160.0
Maine,2020-10-04,37.0,138.0
Maine,2020-10-11,30.0,130.0
Maine,2020-10-18,29.0,120.0
Maine,2020-10-25,31.0,86.0
Maine,2020-11-01,77.0,32.0
Maine,2020-11-08,146.0,56.0
Maine,2020-11-15,172.0,35.0
Maine,2020-11-22,173.0,23.0
Maine,2020-11-29,228.0,11.0
Maine,2020-12-06,249.0,8.0
Maine,2020-12-13,405.0,8.0
Maine,2020-12-20,426.0,-7.0
Maine,2020-12-27,339.0,11.0
Maine,2021-01-03,590.0,13.0
Maine,2021-01-10,535.0,0.0
Maine,2021-01-17,715.0,6.0
Maine,2021-01-24,386.0,1.0
Maine,2021-01-31,359.0,1.0
Maine,2021-02-07,266.0,-1.0
Maine,2021-02-14,200.0,-3.0
Maine,2021-02-21,134.0,8.0
Maryland,2020-04-19,711.0,-3.0
Maryland,2020-04-26,858.0,0.5
Maryland,2020-05-03,893.0,14.0
Maryland,2020-05-10,1046.0,20.0
Maryland,2020-05-17,982.0,66.0
Maryland,2020-05-24,958.0,47.0
Maryland,2020-05-31,839.0,103.0
Maryland,2020-06-07,807.0,82.0
Maryland,2020-06-14,500.0,114.0
Maryland,2020-06-21,377.0,93.0
Maryland,2020-06-28,338.0,125.0
Maryland,2020-07-05,380.0,131.0
Maryland,2020-07-12,465.0,105.0
Maryland,2020-07-19,707.0,114.0
Maryland,2020-07-26,860.0,76.0
Maryland,2020-08-02,892.0,100.0
Maryland,2020-08-09,775.0,83.0
Maryland,2020-08-16,755.0,74.0
Maryland,2020-08-23,520.0,113.0
Maryland,2020-08-30,577.0,88.0
Maryland,2020-09-06,614.0,66.0
Maryland,2020-09-13,512.0,88.0
Maryland,2020-09-20,599.0,87.0
Maryland,2020-09-27,412.0,71.0
Maryland,2020-10-04,477.0,54.0
Maryland,2020-10-11,501.0,66.0
Maryland,2020-10-18,575.0,64.0
Maryland,2020-10-25,590.0,65.0
Maryland,2020-11-01,897.0,19.0
Maryland,2020-11-08,1000.0,38.0
Maryland,2020-11-15,1477.0,19.0
Maryland,2020-11-22,2149.0,-1.0
Maryland,2020-11-29,2168.0,11.0
Maryland,2020-12-06,2220.0,-8.0
Maryland,2020-12-13,2643.0,0.0
Maryland,2020-12-20,2401.0,-24.0
Maryland,2020-12-27,2324.0,-15.0
Maryland,2021-01-03,2628.0,0.0
Maryland,2021-01-10,2970.0,-24.0
Maryland,2021-01-17,2948.0,-5.0
Maryland,2021-01-24,2167.0,-10.0
Maryland,2021-01-31,1939.0,-31.0
Maryland,2021-02-07,1500.0,-33.0
Maryland,2021-02-14,1137.0,-35.0
Maryland,2021-02-21,763.0,-23.0
Massachusetts,2020-04-19,1754.0,-7.0
Massachusetts,2020-04-26,2729.0,-23.0
Massachusetts,2020-05-03,1940.0,9.0
Massachusetts,2020-05-10,1612.0,23.0
Massachusetts,2020-05-17,1165.0,36.0
Massachusetts,2020-05-24,1042.0,55.0
Massachusetts,2020-05-31,617.0,75.0
Massachusetts,2020-06-07,494.0,58.0
Massachusetts,2020-06-14,304.0,94.0
Massachusetts,2020-06-21,228.0,102.0
Massachusetts,2020-06-28,226.0,94.0
Massachusetts,2020-07-05,210.0,83.0
Massachusetts,2020-07-12,213.0,115.0
Massachusetts,2020-07-19,234.0,99.0
Massachusetts,2020-07-26,287.0,98.0
Massachusetts,2020-08-02,414.0,100.0
Massachusetts,2020-08-09,418.0,119.0
Massachusetts,2020-08-16,329.0,102.0
Massachusetts,2020-08-23,313.0,107.0
Massachusetts,2020-08-30,398.0,89.0
Massachusetts,2020-09-06,304.0,95.0
Massachusetts,2020-09-13,366.0,81.0
Massachusetts,2020-09-20,313.0,76.0
Massachusetts,2020-09-27,481.0,59.0
Massachusetts,2020-10-04,592.0,43.0
Massachusetts,2020-10-11,535.0,45.0
Massachusetts,2020-10-18,587.0,54.0
Massachusetts,2020-10-25,976.0,39.0
Massachusetts,2020-11-01,1260.0,-12.0
Massachusetts,2020-11-08,1714.0,23.0
Massachusetts,2020-11-15,2648.0,22.0
Massachusetts,2020-11-22,2525.0,-7.0
Massachusetts,2020-11-29,2695.0,-5.0
Massachusetts,2020-12-06,5027.0,-12.0
Massachusetts,2020-12-13,5289.0,-16.0
Massachusetts,2020-12-20,4853.0,-28.0
Massachusetts,2020-12-27,4261.0,-14.0
Massachusetts,2021-01-03,4198.0,-10.0
Massachusetts,2021-01-10,6851.0,-23.0
Massachusetts,2021-01-17,5656.0,-19.0
Massachusetts,2021-01-24,4514.0,-19.0
Massachusetts,2021-01-31,3651.0,-26.0
Massachusetts,2021-02-07,2665.0,-35.0
Massachusetts,2021-02-14,2083.0,-30.0
Massachusetts,2021-02-21,1818.0,-29.0
Michigan,2020-04-19,1058.0,-9.0
Michigan,2020-04-26,983.0,45.5
Michigan,2020-05-03,977.0,103.0
Michigan,2020-05-10,566.0,55.0
Michigan,2020-05-17,459.0,82.0
Michigan,2020-05-24,501.0,147.0
Michigan,2020-05-31,348.0,126.0
Michigan,2020-06-07,304.0,168.0
Michigan,2020-06-14,223.0,181.0
Michigan,2020-06-21,228.0,228.0
Michigan,2020-06-28,340.0,211.0
Michigan,2020-07-05,406.0,309.0
Michigan,2020-07-12,622.0,224.0
Michigan,2020-07-19,745.0,241.0
Michigan,2020-07-26,641.0,264.0
Michigan,2020-08-02,793.0,245.0
Michigan,2020-08-09,721.0,269.0
Michigan,2020-08-16,868.0,252.0
Michigan,2020-08-23,527.0,235.0
Michigan,2020-08-30,843.0,193.0
Michigan,2020-09-06,795.0,194.0
Michigan,2020-09-13,970.0,179.0
Michigan,2020-09-20,766.0,162.0
Michigan,2020-09-27,996.0,148.0
Michigan,2020-10-04,1118.0,92.0
Michigan,2020-10-11,1323.0,127.0
Michigan,2020-10-18,1943.0,78.0
Michigan,2020-10-25,2046.0,62.0
Michigan,2020-11-01,3590.0,32.0
Michigan,2020-11-08,4397.0,68.0
Michigan,2020-11-15,7311.0,34.0
Michigan,2020-11-22,7886.0,27.0
Michigan,2020-11-29,6782.0,11.0
Michigan,2020-12-06,7433.0,10.0
Michigan,2020-12-13,5626.0,16.0
Michigan,2020-12-20,4541.0,-1.0
Michigan,2020-12-27,3514.0,7.0
Michigan,2021-01-03,3550.0,10.0
Michigan,2021-01-10,3908.0,-6.0
Michigan,2021-01-17,3001.0,4.0
Michigan,2021-01-24,2513.0,-5.0
Michigan,2021-01-31,2075.0,-4.0
Michigan,2021-02-07,1717.0,-7.0
Michigan,2021-02-14,1239.0,-14.0
Michigan,2021-02-21,1201.0,-16.0
Minnesota,2020-04-19,114.0,22.0
Minnesota,2020-04-26,187.5,83.5
Minnesota,2020-05-03,463.0,112.0
Minnesota,2020-05-10,702.0,67.0
Minnesota,2020-05-17,528.0,99.0
Minnesota,2020-05-24,699.0,121.0
Minnesota,2020-05-31,645.0,130.0
Minnesota,2020-06-07,403.0,145.0
Minnesota,2020-06-14,377.0,162.0
Minnesota,2020-06-21,356.0,183.0
Minnesota,2020-06-28,360.0,191.0
Minnesota,2020-07-05,414.0,181.0
Minnesota,2020-07-12,564.0,150.0
Minnesota,2020-07-19,572.0,177.0
Minnesota,2020-07-26,760.0,174.0
Minnesota,2020-08-02,725.0,197.0
Minnesota,2020-08-09,617.0,183.0
Minnesota,2020-08-16,690.0,173.0
Minnesota,2020-08-23,690.0,167.0
Minnesota,2020-08-30,717.0,144.0
Minnesota,2020-09-06,843.0,158.0
Minnesota,2020-09-13,467.0,92.0
Minnesota,2020-09-20,723.0,139.0
Minnesota,2020-09-27,925.0,118.0
Minnesota,2020-10-04,1066.0,63.0
Minnesota,2020-10-11,1039.0,110.0
Minnesota,2020-10-18,1369.0,41.0
Minnesota,2020-10-25,1627.0,-6.0
Minnesota,2020-11-01,2164.0,6.0
Minnesota,2020-11-08,3827.0,59.0
Minnesota,2020-11-15,5544.0,-15.0
Minnesota,2020-11-22,6794.0,-7.0
Minnesota,2020-11-29,6387.0,-1.0
Minnesota,2020-12-06,5794.0,4.0
Minnesota,2020-12-13,4430.0,-6.0
Minnesota,2020-12-20,2746.0,-9.0
Minnesota,2020-12-27,1884.0,-17.0
Minnesota,2021-01-03,1997.0,7.0
Minnesota,2021-01-10,2374.0,-1.0
Minnesota,2021-01-17,1487.0,-1.0
Minnesota,2021-01-24,1270.0,-14.0
Minnesota,2021-01-31,1072.0,-11.0
Minnesota,2021-02-07,988.0,-25.0
Minnesota,2021-02-14,898.0,-36.0
Minnesota,2021-02-21,776.0,-22.0
Mississippi,2020-04-19,181.0,-6.0
Mississippi,2020-04-26,248.5,5.0
Mississippi,2020-05-03,229.0,15.0
Mississippi,2020-05-10,288.0,19.0
Mississippi,2020-05-17,234.0,24.0
Mississippi,2020-05-24,263.0,38.0
Mississippi,2020-05-31,313.0,34.0
Mississippi,2020-06-07,270.0,38.0
Mississippi,2020-06-14,355.0,50.0
Mississippi,2020-06-21,168.0,55.0
Mississippi,2020-06-28,550.0,30.0
Mississippi,2020-07-05,680.0,41.0
Mississippi,2020-07-12,703.0,30.0
Mississippi,2020-07-19,1017.0,35.0
Mississippi,2020-07-26,1396.0,27.0
Mississippi,2020-08-02,1173.0,31.0
Mississippi,2020-08-09,1036.0,37.0
Mississippi,2020-08-16,644.0,23.0
Mississippi,2020-08-23,874.0,25.0
Mississippi,2020-08-30,626.0,10.0
Mississippi,2020-09-06,647.0,30.0
Mississippi,2020-09-13,426.0,35.0
Mississippi,2020-09-20,505.0,24.0
Mississippi,2020-09-27,552.0,20.0
Mississippi,2020-10-04,589.0,20.0
Mississippi,2020-10-11,578.0,15.0
Mississippi,2020-10-18,751.0,20.0
Mississippi,2020-10-25,795.0,14.0
Mississippi,2020-11-01,824.0,5.0
Mississippi,2020-11-08,766.0,7.0
Mississippi,2020-11-15,1256.0,5.0
Mississippi,2020-11-22,1395.0,3.0
Mississippi,2020-11-29,1005.0,5.0
Mississippi,2020-12-06,1942.0,-11.0
Mississippi,2020-12-13,2283.0,-3.0
Mississippi,2020-12-20,2205.0,-12.0
Mississippi,2020-12-27,2191.0,-1.0
Mississippi,2021-01-03,1943.0,-7.0
Mississippi,2021-01-10,1784.0,-21.0
Mississippi,2021-01-17,1948.0,-10.0
Mississippi,2021-01-24,1702.0,-9.0
Mississippi,2021-01-31,1528.0,-13.0
Mississippi,2021-02-07,825.0,-23.0
Mississippi,2021-02-14,784.0,-35.0
Mississippi,2021-02-21,544.0,-39.0
Missouri,2020-04-19,204.0,10.0
Missouri,2020-04-26,211.5,38.5
Missouri,2020-05-03,192.0,48.0
Missouri,2020-05-10,186.0,48.0
Missouri,2020-05-17,139.0,40.0
Missouri,2020-05-24,148.0,80.0
Missouri,2020-05-31,162.0,90.0
Missouri,2020-06-07,238.0,112.0
Missouri,2020-06-14,168.0,128.0
Missouri,2020-06-21,303.0,127.0
Missouri,2020-06-28,429.0,126.0
Missouri,2020-07-05,192.0,105.0
Missouri,2020-07-12,674.0,114.0
Missouri,2020-07-19,826.0,117.0
Missouri,2020-07-26,1278.0,106.0
Missouri,2020-08-02,1453.0,98.0
Missouri,2020-08-09,1067.0,128.0
Missouri,2020-08-16,1340.0,92.0
Missouri,2020-08-23,1167.0,106.0
Missouri,2020-08-30,1352.0,78.0
Missouri,2020-09-06,1423.0,91.0
Missouri,2020-09-13,1309.0,100.0
Missouri,2020-09-20,1444.0,103.0
Missouri,2020-09-27,1382.0,76.0
Missouri,2020-10-04,1241.0,68.0
Missouri,2020-10-11,1440.0,80.0
Missouri,2020-10-18,1874.0,60.0
Missouri,2020-10-25,1841.0,22.0
Missouri,2020-11-01,1927.0,2.0
Missouri,2020-11-08,2862.0,61.0
Missouri,2020-11-15,4553.0,18.0
Missouri,2020-11-22,4632.0,18.0
Missouri,2020-11-29,3998.0,6.0
Missouri,2020-12-06,3937.0,5.0
Missouri,2020-12-13,3338.0,12.0
Missouri,2020-12-20,3009.0,1.0
Missouri,2020-12-27,2273.0,21.0
Missouri,2021-01-03,2874.0,-20.0
Missouri,2021-01-10,2821.0,-17.0
Missouri,2021-01-17,2290.0,-20.0
Missouri,2021-01-24,1838.0,-5.0
Missouri,2021-01-31,1547.0,-32.0
Missouri,2021-02-07,1208.0,-22.0
Missouri,2021-02-14,746.0,-40.0
Missouri,2021-02-21,623.0,-33.0
Montana,2020-04-19,7.0,9.0
Montana,2020-04-26,2.0,62.5
Montana,2020-05-03,2.0,72.0
Montana,2020-05-10,0.0,60.0
Montana,2020-05-17,1.0,56.0
Montana,2020-05-24,1.0,85.0
Montana,2020-05-31,2.0,136.0
Montana,2020-06-07,4.0,134.0
Montana,2020-06-14,6.0,144.0
Montana,2020-06-21,13.0,151.0
Montana,2020-06-28,23.0,216.0
Montana,2020-07-05,48.0,224.0
Montana,2020-07-12,78.0,231.0
Montana,2020-07-19,109.0,237.0
Montana,2020-07-26,97.0,244.0
Montana,2020-08-02,116.0,234.0
Montana,2020-08-09,115.0,227.0
Montana,2020-08-16,118.0,220.0
Montana,2020-08-23,,
Montana,2020-08-30,,
Montana,2020-09-06,,
Montana,2020-09-13,140.0,180.0
Montana,2020-09-20,187.0,150.0
Montana,2020-09-27,271.0,108.0
Montana,2020-10-04,347.0,103.0
Montana,2020-10-11,614.0,92.0
Montana,2020-10-18,599.0,43.0
Montana,2020-10-25,639.0,12.0
Montana,2020-11-01,845.0,24.0
Montana,2020-11-08,907.0,30.0
Montana,2020-11-15,961.0,0.0
Montana,2020-11-22,1249.0,12.0
Montana,2020-11-29,1061.0,12.0
Montana,2020-12-06,956.0,4.0
Montana,2020-12-13,774.0,7.0
Montana,2020-12-20,627.0,-2.0
Montana,2020-12-27,504.0,-1.0
Montana,2021-01-03,347.0,9.0
Montana,2021-01-10,682.0,1.0
Montana,2021-01-17,424.0,-12.0
Montana,2021-01-24,361.0,-4.0
Montana,2021-01-31,344.0,-1.0
Montana,2021-02-07,301.0,-7.0
Montana,2021-02-14,234.0,-33.0
Montana,2021-02-21,200.0,-9.0
Nebraska,2020-04-19,83.0,10.0
Nebraska,2020-04-26,198.0,72.0
Nebraska,2020-05-03,330.0,105.0
Nebraska,2020-05-10,344.0,57.0
Nebraska,2020-05-17,348.0,63.0
Nebraska,2020-05-24,301.0,98.0
Nebraska,2020-05-31,257.0,98.0
Nebraska,2020-06-07,254.0,126.0
Nebraska,2020-06-14,132.0,162.0
Nebraska,2020-06-21,174.0,145.0
Nebraska,2020-06-28,136.0,177.0
Nebraska,2020-07-05,142.0,169.0
Nebraska,2020-07-12,155.0,162.0
Nebraska,2020-07-19,227.0,160.0
Nebraska,2020-07-26,296.0,158.0
Nebraska,2020-08-02,265.0,161.0
Nebraska,2020-08-09,283.0,165.0
Nebraska,2020-08-16,264.0,138.0
Nebraska,2020-08-23,,
Nebraska,2020-08-30,,
Nebraska,2020-09-06,,
Nebraska,2020-09-13,456.0,166.0
Nebraska,2020-09-20,449.0,130.0
Nebraska,2020-09-27,431.0,108.0
Nebraska,2020-10-04,515.0,79.0
Nebraska,2020-10-11,498.0,97.0
Nebraska,2020-10-18,704.0,69.0
Nebraska,2020-10-25,749.0,18.0
Nebraska,2020-11-01,1087.0,21.0
Nebraska,2020-11-08,1702.0,48.0
Nebraska,2020-11-15,2182.0,7.0
Nebraska,2020-11-22,2381.0,28.0
Nebraska,2020-11-29,1257.0,-5.0
Nebraska,2020-12-06,1941.0,7.0
Nebraska,2020-12-13,1293.0,3.0
Nebraska,2020-12-20,1242.0,-13.0
Nebraska,2020-12-27,805.0,-16.0
Nebraska,2021-01-03,918.0,-17.0
Nebraska,2021-01-10,1023.0,-24.0
Nebraska,2021-01-17,779.0,-19.0
Nebraska,2021-01-24,864.0,-10.0
Nebraska,2021-01-31,646.0,-24.0
Nebraska,2021-02-07,487.0,-19.0
Nebraska,2021-02-14,374.0,-33.0
Nebraska,2021-02-21,296.0,-30.0
Nevada,2020-04-19,102.0,-36.0
Nevada,2020-04-26,134.0,-34.5
Nevada,2020-05-03,121.0,-34.0
Nevada,2020-05-10,83.0,-27.0
Nevada,2020-05-17,161.0,-30.0
Nevada,2020-05-24,112.0,-26.0
Nevada,2020-05-31,101.0,-21.0
Nevada,2020-06-07,156.0,-19.0
Nevada,2020-06-14,229.0,-2.0
Nevada,2020-06-21,315.0,-5.0
Nevada,2020-06-28,288.0,-13.0
Nevada,2020-07-05,734.0,-7.0
Nevada,2020-07-12,843.0,-14.0
Nevada,2020-07-19,1104.0,-15.0
Nevada,2020-07-26,966.0,-12.0
Nevada,2020-08-02,1018.0,-10.0
Nevada,2020-08-09,976.0,-10.0
Nevada,2020-08-16,742.0,-14.0
Nevada,2020-08-23,662.0,-22.0
Nevada,2020-08-30,532.0,-19.0
Nevada,2020-09-06,390.0,-15.0
Nevada,2020-09-13,288.0,-12.0
Nevada,2020-09-20,317.0,-17.0
Nevada,2020-09-27,390.0,-17.0
Nevada,2020-10-04,430.0,-17.0
Nevada,2020-10-11,479.0,-14.0
Nevada,2020-10-18,569.0,-9.0
Nevada,2020-10-25,656.0,-11.0
Nevada,2020-11-01,891.0,-13.0
Nevada,2020-11-08,1068.0,-21.0
Nevada,2020-11-15,1322.0,-26.0
Nevada,2020-11-22,1838.0,-28.0
Nevada,2020-11-29,2541.0,-27.0
Nevada,2020-12-06,2535.0,-37.0
Nevada,2020-12-13,2639.0,-36.0
Nevada,2020-12-20,2580.0,-41.0
Nevada,2020-12-27,1939.0,-33.0
Nevada,2021-01-03,1856.0,-21.0
Nevada,2021-01-10,2648.0,-37.0
Nevada,2021-01-17,2040.0,-33.0
Nevada,2021-01-24,1221.0,-37.0
Nevada,2021-01-31,1070.0,-43.0
Nevada,2021-02-07,889.0,-32.0
Nevada,2021-02-14,636.0,-28.0
Nevada,2021-02-21,391.0,-32.0
New Hampshire,2020-04-19,56.0,14.0
New Hampshire,2020-04-26,67.0,-3.5
New Hampshire,2020-05-03,74.0,40.0
New Hampshire,2020-05-10,89.0,52.0
New Hampshire,2020-05-17,79.0,72.0
New Hampshire,2020-05-24,69.0,129.0
New Hampshire,2020-05-31,55.0,121.0
New Hampshire,2020-06-07,66.0,116.0
New Hampshire,2020-06-14,36.0,167.0
New Hampshire,2020-06-21,27.0,202.0
New Hampshire,2020-06-28,27.0,189.0
New Hampshire,2020-07-05,20.0,232.0
New Hampshire,2020-07-12,20.0,227.0
New Hampshire,2020-07-19,23.0,226.0
New Hampshire,2020-07-26,33.0,259.0
New Hampshire,2020-08-02,31.0,258.0
New Hampshire,2020-08-09,26.0,261.0
New Hampshire,2020-08-16,19.0,256.5
New Hampshire,2020-08-23,,
New Hampshire,2020-08-30,,
New Hampshire,2020-09-06,,
New Hampshire,2020-09-13,47.0,200.0
New Hampshire,2020-09-20,36.0,172.0
New Hampshire,2020-09-27,36.0,158.0
New Hampshire,2020-10-04,51.0,141.0
New Hampshire,2020-10-11,86.0,153.0
New Hampshire,2020-10-18,71.0,107.0
New Hampshire,2020-10-25,89.0,76.0
New Hampshire,2020-11-01,116.0,19.0
New Hampshire,2020-11-08,128.0,57.0
New Hampshire,2020-11-15,244.0,26.0
New Hampshire,2020-11-22,426.0,23.0
New Hampshire,2020-11-29,422.0,8.0
New Hampshire,2020-12-06,703.0,8.0
New Hampshire,2020-12-13,807.0,-2.0
New Hampshire,2020-12-20,774.0,-14.0
New Hampshire,2020-12-27,619.0,9.0
New Hampshire,2021-01-03,714.0,28.0
New Hampshire,2021-01-10,792.0,-2.0
New Hampshire,2021-01-17,639.0,7.0
New Hampshire,2021-01-24,624.0,3.0
New Hampshire,2021-01-31,519.0,1.0
New Hampshire,2021-02-07,367.0,-8.0
New Hampshire,2021-02-14,393.0,1.0
New Hampshire,2021-02-21,368.0,11.0
New Jersey,2020-04-19,3150.0,-24.0
New Jersey,2020-04-26,3474.0,-25.5
New Jersey,2020-05-03,2532.0,-15.0
New Jersey,2020-05-10,1862.0,31.0
New Jersey,2020-05-17,1161.0,66.0
New Jersey,2020-05-24,1132.0,42.0
New Jersey,2020-05-31,879.0,93.0
New Jersey,2020-06-07,566.0,84.0
New Jersey,2020-06-14,367.0,122.0
New Jersey,2020-06-21,353.0,121.0
New Jersey,2020-06-28,321.0,137.0
New Jersey,2020-07-05,325.0,153.0
New Jersey,2020-07-12,323.0,126.0
New Jersey,2020-07-19,289.0,156.0
New Jersey,2020-07-26,443.0,109.0
New Jersey,2020-08-02,495.0,130.0
New Jersey,2020-08-09,393.0,130.0
New Jersey,2020-08-16,479.0,125.0
New Jersey,2020-08-23,360.0,152.0
New Jersey,2020-08-30,345.0,118.0
New Jersey,2020-09-06,379.0,113.0
New Jersey,2020-09-13,396.0,102.0
New Jersey,2020-09-20,492.0,98.0
New Jersey,2020-09-27,493.0,80.0
New Jersey,2020-10-04,763.0,80.0
New Jersey,2020-10-11,742.0,77.0
New Jersey,2020-10-18,1088.0,84.0
New Jersey,2020-10-25,1344.0,60.0
New Jersey,2020-11-01,1975.0,7.0
New Jersey,2020-11-08,2581.0,58.0
New Jersey,2020-11-15,4023.0,25.0
New Jersey,2020-11-22,4743.0,14.0
New Jersey,2020-11-29,4727.0,17.0
New Jersey,2020-12-06,5470.0,-5.0
New Jersey,2020-12-13,5818.0,7.0
New Jersey,2020-12-20,4764.0,-26.0
New Jersey,2020-12-27,5297.0,-10.0
New Jersey,2021-01-03,5450.0,-6.0
New Jersey,2021-01-10,5931.0,-13.0
New Jersey,2021-01-17,6057.0,-4.0
New Jersey,2021-01-24,5049.0,-14.0
New Jersey,2021-01-31,4830.0,-23.0
New Jersey,2021-02-07,3517.0,-32.0
New Jersey,2021-02-14,3732.0,-31.0
New Jersey,2021-02-21,3047.0,-21.0
New Mexico,2020-04-19,83.0,-10.0
New Mexico,2020-04-26,140.5,-4.0
New Mexico,2020-05-03,149.0,3.0
New Mexico,2020-05-10,153.0,7.0
New Mexico,2020-05-17,152.0,17.0
New Mexico,2020-05-24,125.0,31.0
New Mexico,2020-05-31,122.0,28.0
New Mexico,2020-06-07,128.0,31.0
New Mexico,2020-06-14,122.0,35.0
New Mexico,2020-06-21,107.0,40.0
New Mexico,2020-06-28,152.0,40.0
New Mexico,2020-07-05,190.0,41.0
New Mexico,2020-07-12,234.0,32.0
New Mexico,2020-07-19,280.0,28.0
New Mexico,2020-07-26,311.0,30.0
New Mexico,2020-08-02,254.0,34.0
New Mexico,2020-08-09,207.0,37.0
New Mexico,2020-08-16,173.0,32.0
New Mexico,2020-08-23,144.0,23.0
New Mexico,2020-08-30,126.0,22.0
New Mexico,2020-09-06,108.0,35.0
New Mexico,2020-09-13,87.0,24.0
New Mexico,2020-09-20,118.0,29.0
New Mexico,2020-09-27,197.0,18.0
New Mexico,2020-10-04,226.0,12.0
New Mexico,2020-10-11,384.0,18.0
New Mexico,2020-10-18,573.0,13.0
New Mexico,2020-10-25,662.0,8.0
New Mexico,2020-11-01,723.0,-15.0
New Mexico,2020-11-08,1011.0,-10.0
New Mexico,2020-11-15,1258.0,-16.0
New Mexico,2020-11-22,2342.0,-15.0
New Mexico,2020-11-29,2099.0,-26.0
New Mexico,2020-12-06,1899.0,-23.0
New Mexico,2020-12-13,1793.0,-29.0
New Mexico,2020-12-20,1455.0,-23.0
New Mexico,2020-12-27,1167.0,-11.0
New Mexico,2021-01-03,1237.0,-13.0
New Mexico,2021-01-10,1485.0,-21.0
New Mexico,2021-01-17,1145.0,-22.0
New Mexico,2021-01-24,848.0,-19.0
New Mexico,2021-01-31,672.0,-26.0
New Mexico,2021-02-07,525.0,-15.0
New Mexico,2021-02-14,413.0,-18.0
New Mexico,2021-02-21,299.0,-32.0
New York,2020-04-19,7271.0,-35.0
New York,2020-04-26,5273.0,-35.5
New York,2020-05-03,4585.0,-27.0
New York,2020-05-10,2786.0,-11.0
New York,2020-05-17,2273.0,15.0
New York,2020-05-24,1696.0,19.0
New York,2020-05-31,1376.0,40.0
New York,2020-06-07,1075.0,22.0
New York,2020-06-14,736.0,52.0
New York,2020-06-21,631.0,61.0
New York,2020-06-28,664.0,60.0
New York,2020-07-05,726.0,55.0
New York,2020-07-12,588.0,48.0
New York,2020-07-19,769.0,78.0
New York,2020-07-26,750.0,57.0
New York,2020-08-02,644.0,65.0
New York,2020-08-09,703.0,73.0
New York,2020-08-16,700.0,64.0
New York,2020-08-23,631.0,76.0
New York,2020-08-30,629.0,49.0
New York,2020-09-06,820.0,55.0
New York,2020-09-13,662.0,47.0
New York,2020-09-20,831.0,38.0
New York,2020-09-27,852.0,31.0
New York,2020-10-04,1032.0,25.0
New York,2020-10-11,1386.0,24.0
New York,2020-10-18,1274.0,29.0
New York,2020-10-25,1716.0,16.0
New York,2020-11-01,1920.0,-16.0
New York,2020-11-08,2122.0,6.0
New York,2020-11-15,4253.0,-7.0
New York,2020-11-22,4876.0,-16.0
New York,2020-11-29,6437.0,-10.0
New York,2020-12-06,8135.0,-26.0
New York,2020-12-13,10151.0,-14.0
New York,2020-12-20,10138.0,-37.0
New York,2020-12-27,10532.0,-25.0
New York,2021-01-03,12917.0,-21.0
New York,2021-01-10,16016.0,-29.0
New York,2021-01-17,14791.0,-26.0
New York,2021-01-24,13694.0,-32.0
New York,2021-01-31,12383.0,-35.0
New York,2021-02-07,7949.0,-41.0
New York,2021-02-14,8755.0,-40.0
New York,2021-02-21,8238.0,-34.0
North Carolina,2020-04-19,283.0,10.0
North Carolina,2020-04-26,343.0,16.0
North Carolina,2020-05-03,425.0,31.0
North Carolina,2020-05-10,472.0,29.0
North Carolina,2020-05-17,526.0,42.0
North Carolina,2020-05-24,543.0,17.0
North Carolina,2020-05-31,692.0,50.0
North Carolina,2020-06-07,991.0,70.0
North Carolina,2020-06-14,1111.0,69.0
North Carolina,2020-06-21,1233.0,55.0
North Carolina,2020-06-28,1411.0,77.0
North Carolina,2020-07-05,1465.0,80.0
North Carolina,2020-07-12,1783.0,67.0
North Carolina,2020-07-19,1871.0,77.0
North Carolina,2020-07-26,1849.0,68.0
North Carolina,2020-08-02,1766.0,69.0
North Carolina,2020-08-09,1535.0,57.0
North Carolina,2020-08-16,1216.0,53.0
North Carolina,2020-08-23,1263.0,50.0
North Carolina,2020-08-30,1415.0,57.0
North Carolina,2020-09-06,1562.0,56.0
North Carolina,2020-09-13,1086.0,62.0
North Carolina,2020-09-20,1198.0,65.0
North Carolina,2020-09-27,1300.0,51.0
North Carolina,2020-10-04,1496.0,44.0
North Carolina,2020-10-11,2034.0,51.0
North Carolina,2020-10-18,1926.0,52.0
North Carolina,2020-10-25,2303.0,58.0
North Carolina,2020-11-01,2253.0,48.0
North Carolina,2020-11-08,2425.0,37.0
North Carolina,2020-11-15,2582.0,24.0
North Carolina,2020-11-22,3367.0,15.0
North Carolina,2020-11-29,3444.0,19.0
North Carolina,2020-12-06,4199.0,0.0
North Carolina,2020-12-13,6153.0,1.0
North Carolina,2020-12-20,5786.0,-14.0
North Carolina,2020-12-27,5255.0,-5.0
North Carolina,2021-01-03,3888.0,-1.0
North Carolina,2021-01-10,6952.0,-13.0
North Carolina,2021-01-17,7986.0,-9.0
North Carolina,2021-01-24,7181.0,-3.0
North Carolina,2021-01-31,6096.0,-19.0
North Carolina,2021-02-07,4899.0,-19.0
North Carolina,2021-02-14,4128.0,-29.0
North Carolina,2021-02-21,3170.0,-13.0
North Dakota,2020-04-19,24.0,7.0
North Dakota,2020-04-26,37.0,51.0
North Dakota,2020-05-03,46.0,64.0
North Dakota,2020-05-10,41.0,39.0
North Dakota,2020-05-17,53.0,60.0
North Dakota,2020-05-24,63.0,114.0
North Dakota,2020-05-31,39.0,173.5
North Dakota,2020-06-07,36.0,153.5
North Dakota,2020-06-14,39.5,188.5
North Dakota,2020-06-21,26.0,209.0
North Dakota,2020-06-28,34.0,203.5
North Dakota,2020-07-05,43.0,227.0
North Dakota,2020-07-12,78.5,204.5
North Dakota,2020-07-19,105.5,195.5
North Dakota,2020-07-26,121.5,182.0
North Dakota,2020-08-02,121.5,195.0
North Dakota,2020-08-09,125.0,183.0
North Dakota,2020-08-16,122.0,158.0
North Dakota,2020-08-23,,
North Dakota,2020-08-30,,
North Dakota,2020-09-06,,
North Dakota,2020-09-13,333.0,156.0
North Dakota,2020-09-20,377.0,125.0
North Dakota,2020-09-27,434.0,99.0
North Dakota,2020-10-04,418.0,59.0
North Dakota,2020-10-11,502.0,65.0
North Dakota,2020-10-18,703.0,26.0
North Dakota,2020-10-25,887.0,-9.0
North Dakota,2020-11-01,889.0,-2.0
North Dakota,2020-11-08,1172.0,24.0
North Dakota,2020-11-15,1153.0,-9.0
North Dakota,2020-11-22,1263.0,-14.0
North Dakota,2020-11-29,964.0,-15.0
North Dakota,2020-12-06,594.0,-3.0
North Dakota,2020-12-13,477.0,-11.0
North Dakota,2020-12-20,293.0,-14.0
North Dakota,2020-12-27,251.0,-20.0
North Dakota,2021-01-03,271.0,-10.0
North Dakota,2021-01-10,254.0,-11.0
North Dakota,2021-01-17,158.0,-7.0
North Dakota,2021-01-24,150.0,-19.0
North Dakota,2021-01-31,132.0,-19.0
North Dakota,2021-02-07,68.0,-22.0
North Dakota,2021-02-14,85.0,-33.0
North Dakota,2021-02-21,119.0,-17.0
Ohio,2020-04-19,620.0,24.0
Ohio,2020-04-26,526.0,76.0
Ohio,2020-05-03,534.0,100.0
Ohio,2020-05-10,579.0,69.0
Ohio,2020-05-17,520.0,90.0
Ohio,2020-05-24,531.0,84.0
Ohio,2020-05-31,503.0,138.0
Ohio,2020-06-07,471.0,154.0
Ohio,2020-06-14,413.0,188.0
Ohio,2020-06-21,434.0,196.0
Ohio,2020-06-28,729.0,185.0
Ohio,2020-07-05,854.0,212.0
Ohio,2020-07-12,1150.0,153.0
Ohio,2020-07-19,1316.0,176.0
Ohio,2020-07-26,1438.0,160.0
Ohio,2020-08-02,1320.0,144.0
Ohio,2020-08-09,1166.0,186.0
Ohio,2020-08-16,1117.0,163.0
Ohio,2020-08-23,971.0,174.0
Ohio,2020-08-30,1089.0,122.0
Ohio,2020-09-06,1332.0,140.0
Ohio,2020-09-13,973.0,132.0
Ohio,2020-09-20,1011.0,142.0
Ohio,2020-09-27,903.0,120.0
Ohio,2020-10-04,1105.0,83.0
Ohio,2020-10-11,1356.0,114.0
Ohio,2020-10-18,2039.0,98.0
Ohio,2020-10-25,2366.0,95.0
Ohio,2020-11-01,2607.0,32.0
Ohio,2020-11-08,4229.0,81.0
Ohio,2020-11-15,6508.0,45.0
Ohio,2020-11-22,7787.0,17.0
Ohio,2020-11-29,8536.0,13.0
Ohio,2020-12-06,8921.0,7.0
Ohio,2020-12-13,10359.0,23.0
Ohio,2020-12-20,8755.0,1.0
Ohio,2020-12-27,7790.0,-4.0
Ohio,2021-01-03,7526.0,-3.0
Ohio,2021-01-10,7814.0,-9.0
Ohio,2021-01-17,7149.0,-9.0
Ohio,2021-01-24,5247.0,-5.0
Ohio,2021-01-31,4481.0,-15.0
Ohio,2021-02-07,3657.0,-13.0
Ohio,2021-02-14,2806.0,-18.0
Ohio,2021-02-21,2026.0,-23.0
Oklahoma,2020-04-19,99.0,2.0
Oklahoma,2020-04-26,108.5,41.0
Oklahoma,2020-05-03,103.0,54.0
Oklahoma,2020-05-10,83.0,40.0
Oklahoma,2020-05-17,119.0,24.0
Oklahoma,2020-05-24,91.0,91.0
Oklahoma,2020-05-31,65.0,67.0
Oklahoma,2020-06-07,102.0,89.0
Oklahoma,2020-06-14,143.0,102.0
Oklahoma,2020-06-21,259.0,92.0
Oklahoma,2020-06-28,399.0,92.0
Oklahoma,2020-07-05,412.0,84.0
Oklahoma,2020-07-12,603.0,67.0
Oklahoma,2020-07-19,700.0,67.0
Oklahoma,2020-07-26,890.0,70.0
Oklahoma,2020-08-02,1117.0,58.0
Oklahoma,2020-08-09,837.0,67.0
Oklahoma,2020-08-16,705.0,59.0
Oklahoma,2020-08-23,611.0,65.0
Oklahoma,2020-08-30,666.0,53.0
Oklahoma,2020-09-06,766.0,63.0
Oklahoma,2020-09-13,833.0,46.0
Oklahoma,2020-09-20,1034.0,67.0
Oklahoma,2020-09-27,1089.0,40.0
Oklahoma,2020-10-04,1025.0,44.0
Oklahoma,2020-10-11,1234.0,45.0
Oklahoma,2020-10-18,1160.0,46.0
Oklahoma,2020-10-25,1373.0,25.0
Oklahoma,2020-11-01,1041.0,-3.0
Oklahoma,2020-11-08,1331.0,23.0
Oklahoma,2020-11-15,2357.0,4.0
Oklahoma,2020-11-22,2921.0,10.0
Oklahoma,2020-11-29,3406.0,-9.0
Oklahoma,2020-12-06,2200.0,-2.0
Oklahoma,2020-12-13,2460.0,0.0
Oklahoma,2020-12-20,3238.0,-6.0
Oklahoma,2020-12-27,3277.0,6.0
Oklahoma,2021-01-03,3249.0,-24.0
Oklahoma,2021-01-10,3781.0,-26.0
Oklahoma,2021-01-17,3621.0,-15.0
Oklahoma,2021-01-24,2686.0,-14.0
Oklahoma,2021-01-31,2373.0,-19.0
Oklahoma,2021-02-07,2119.0,-13.0
Oklahoma,2021-02-14,1458.0,-50.0
Oklahoma,2021-02-21,869.0,-47.0
Oregon,2020-04-19,57.0,33.0
Oregon,2020-04-26,52.5,19.0
Oregon,2020-05-03,58.0,19.0
Oregon,2020-05-10,79.0,54.0
Oregon,2020-05-17,63.0,21.0
Oregon,2020-05-24,39.0,38.0
Oregon,2020-05-31,45.0,78.0
Oregon,2020-06-07,59.0,81.0
Oregon,2020-06-14,92.0,52.0
Oregon,2020-06-21,148.0,104.0
Oregon,2020-06-28,191.0,124.0
Oregon,2020-07-05,275.0,114.0
Oregon,2020-07-12,266.0,114.0
Oregon,2020-07-19,319.0,138.0
Oregon,2020-07-26,292.0,146.0
Oregon,2020-08-02,330.0,135.0
Oregon,2020-08-09,280.0,141.0
Oregon,2020-08-16,278.0,142.0
Oregon,2020-08-23,244.0,128.0
Oregon,2020-08-30,227.0,123.0
Oregon,2020-09-06,255.0,124.0
Oregon,2020-09-13,166.0,36.0
Oregon,2020-09-20,210.0,26.0
Oregon,2020-09-27,267.0,64.0
Oregon,2020-10-04,297.0,74.0
Oregon,2020-10-11,295.0,55.0
Oregon,2020-10-18,365.0,53.0
Oregon,2020-10-25,307.0,43.0
Oregon,2020-11-01,420.0,39.0
Oregon,2020-11-08,589.0,8.0
Oregon,2020-11-15,861.0,0.0
Oregon,2020-11-22,1099.0,-2.0
Oregon,2020-11-29,1170.0,9.0
Oregon,2020-12-06,1506.0,5.0
Oregon,2020-12-13,1294.0,14.0
Oregon,2020-12-20,1314.0,-3.0
Oregon,2020-12-27,897.0,16.0
Oregon,2021-01-03,1033.0,5.0
Oregon,2021-01-10,1035.0,-6.0
Oregon,2021-01-17,1154.0,11.0
Oregon,2021-01-24,761.0,17.0
Oregon,2021-01-31,708.0,-5.0
Oregon,2021-02-07,627.0,-1.0
Oregon,2021-02-14,494.0,-13.0
Oregon,2021-02-21,411.0,-13.0
Pennsylvania,2020-04-19,1354.0,-13.0
Pennsylvania,2020-04-26,1173.5,-10.0
Pennsylvania,2020-05-03,1463.0,20.0
Pennsylvania,2020-05-10,1156.0,20.0
Pennsylvania,2020-05-17,1004.0,61.0
Pennsylvania,2020-05-24,815.0,47.0
Pennsylvania,2020-05-31,713.0,75.0
Pennsylvania,2020-06-07,555.0,59.0
Pennsylvania,2020-06-14,463.0,88.0
Pennsylvania,2020-06-21,389.0,97.0
Pennsylvania,2020-06-28,586.0,104.0
Pennsylvania,2020-07-05,636.0,135.0
Pennsylvania,2020-07-12,798.0,86.0
Pennsylvania,2020-07-19,806.0,108.0
Pennsylvania,2020-07-26,850.0,85.0
Pennsylvania,2020-08-02,868.0,100.0
Pennsylvania,2020-08-09,781.0,106.0
Pennsylvania,2020-08-16,827.0,98.0
Pennsylvania,2020-08-23,658.0,115.0
Pennsylvania,2020-08-30,556.0,83.0
Pennsylvania,2020-09-06,785.0,67.0
Pennsylvania,2020-09-13,716.0,96.0
Pennsylvania,2020-09-20,806.0,86.0
Pennsylvania,2020-09-27,833.0,71.0
Pennsylvania,2020-10-04,919.0,55.0
Pennsylvania,2020-10-11,1381.0,66.0
Pennsylvania,2020-10-18,1503.0,65.0
Pennsylvania,2020-10-25,1627.0,66.0
Pennsylvania,2020-11-01,2272.0,8.0
Pennsylvania,2020-11-08,2827.0,44.0
Pennsylvania,2020-11-15,4322.0,11.0
Pennsylvania,2020-11-22,6468.0,2.0
Pennsylvania,2020-11-29,6800.0,3.0
Pennsylvania,2020-12-06,8421.0,-11.0
Pennsylvania,2020-12-13,9107.0,7.0
Pennsylvania,2020-12-20,9769.0,-26.0
Pennsylvania,2020-12-27,7688.0,-22.0
Pennsylvania,2021-01-03,8489.0,-10.0
Pennsylvania,2021-01-10,9056.0,-22.0
Pennsylvania,2021-01-17,6908.0,-14.0
Pennsylvania,2021-01-24,5496.0,-20.0
Pennsylvania,2021-01-31,4996.0,-29.0
Pennsylvania,2021-02-07,3774.0,-34.0
Pennsylvania,2021-02-14,3525.0,-32.0
Pennsylvania,2021-02-21,2784.0,-35.0
Rhode Island,2020-04-19,278.0,13.0
Rhode Island,2020-04-26,412.5,-12.5
Rhode Island,2020-05-03,320.0,35.0
Rhode Island,2020-05-10,249.0,53.0
Rhode Island,2020-05-17,203.0,106.0
Rhode Island,2020-05-24,215.0,128.0
Rhode Island,2020-05-31,141.0,164.0
Rhode Island,2020-06-07,107.0,133.0
Rhode Island,2020-06-14,65.0,236.0
Rhode Island,2020-06-21,56.0,263.0
Rhode Island,2020-06-28,34.0,238.0
Rhode Island,2020-07-05,49.0,293.0
Rhode Island,2020-07-12,39.0,315.0
Rhode Island,2020-07-19,61.5,279.0
Rhode Island,2020-07-26,76.0,271.0
Rhode Island,2020-08-02,75.0,253.0
Rhode Island,2020-08-09,128.5,267.0
Rhode Island,2020-08-16,95.0,272.0
Rhode Island,2020-08-23,,
Rhode Island,2020-08-30,,
Rhode Island,2020-09-06,,
Rhode Island,2020-09-13,106.0,195.0
Rhode Island,2020-09-20,120.0,176.0
Rhode Island,2020-09-27,133.0,159.0
Rhode Island,2020-10-04,162.0,118.0
Rhode Island,2020-10-11,180.0,124.0
Rhode Island,2020-10-18,204.0,128.0
Rhode Island,2020-10-25,471.0,120.0
Rhode Island,2020-11-01,421.0,10.0
Rhode Island,2020-11-08,579.0,77.0
Rhode Island,2020-11-15,789.0,68.0
Rhode Island,2020-11-22,1040.0,34.0
Rhode Island,2020-11-29,851.0,31.0
Rhode Island,2020-12-06,1183.0,12.0
Rhode Island,2020-12-13,1232.0,14.0
Rhode Island,2020-12-20,972.0,-12.0
Rhode Island,2020-12-27,0.0,11.0
Rhode Island,2021-01-03,0.0,17.0
Rhode Island,2021-01-10,1128.0,10.0
Rhode Island,2021-01-17,901.0,15.0
Rhode Island,2021-01-24,810.0,16.0
Rhode Island,2021-01-31,642.0,-13.0
Rhode Island,2021-02-07,513.0,-16.0
Rhode Island,2021-02-14,440.0,-14.0
Rhode Island,2021-02-21,286.0,-6.0
South Carolina,2020-04-19,149.0,-19.0
South Carolina,2020-04-26,169.5,-9.0
South Carolina,2020-05-03,163.0,0.0
South Carolina,2020-05-10,137.0,10.0
South Carolina,2020-05-17,139.0,29.0
South Carolina,2020-05-24,155.0,15.0
South Carolina,2020-05-31,207.0,22.0
South Carolina,2020-06-07,267.0,54.0
South Carolina,2020-06-14,682.0,45.0
South Carolina,2020-06-21,840.0,59.0
South Carolina,2020-06-28,1125.0,63.0
South Carolina,2020-07-05,1755.0,64.0
South Carolina,2020-07-12,1557.0,48.0
South Carolina,2020-07-19,1856.0,52.0
South Carolina,2020-07-26,1705.0,43.0
South Carolina,2020-08-02,1583.0,54.0
South Carolina,2020-08-09,1241.0,43.0
South Carolina,2020-08-16,935.0,45.0
South Carolina,2020-08-23,739.0,31.0
South Carolina,2020-08-30,693.0,31.0
South Carolina,2020-09-06,964.0,29.0
South Carolina,2020-09-13,655.0,34.0
South Carolina,2020-09-20,872.0,43.0
South Carolina,2020-09-27,1021.0,30.0
South Carolina,2020-10-04,614.0,26.0
South Carolina,2020-10-11,811.0,28.0
South Carolina,2020-10-18,926.0,31.0
South Carolina,2020-10-25,864.0,29.0
South Carolina,2020-11-01,1018.0,24.0
South Carolina,2020-11-08,1035.0,8.0
South Carolina,2020-11-15,1347.0,5.0
South Carolina,2020-11-22,1547.0,4.0
South Carolina,2020-11-29,1675.0,9.0
South Carolina,2020-12-06,1923.0,-12.0
South Carolina,2020-12-13,2553.0,-7.0
South Carolina,2020-12-20,2799.0,-20.0
South Carolina,2020-12-27,2798.0,-2.0
South Carolina,2021-01-03,2873.0,-3.0
South Carolina,2021-01-10,5162.0,-19.0
South Carolina,2021-01-17,4787.0,-22.0
South Carolina,2021-01-24,4649.0,-13.0
South Carolina,2021-01-31,3938.0,-20.0
South Carolina,2021-02-07,3007.0,-25.0
South Carolina,2021-02-14,2983.0,-24.0
South Carolina,2021-02-21,2675.0,-20.0
South Dakota,2020-04-19,131.0,20.0
South Dakota,2020-04-26,91.0,97.5
South Dakota,2020-05-03,65.0,127.0
South Dakota,2020-05-10,59.0,59.0
South Dakota,2020-05-17,72.0,74.0
South Dakota,2020-05-24,58.0,185.0
South Dakota,2020-05-31,73.0,210.0
South Dakota,2020-06-07,41.0,225.0
South Dakota,2020-06-14,71.0,288.0
South Dakota,2020-06-21,59.0,279.0
South Dakota,2020-06-28,60.0,332.0
South Dakota,2020-07-05,55.0,413.0
South Dakota,2020-07-12,58.0,329.0
South Dakota,2020-07-19,48.0,351.0
South Dakota,2020-07-26,58.0,364.0
South Dakota,2020-08-02,64.0,341.5
South Dakota,2020-08-09,89.0,428.0
South Dakota,2020-08-16,88.0,475.0
South Dakota,2020-08-23,,
South Dakota,2020-08-30,,
South Dakota,2020-09-06,,
South Dakota,2020-09-13,283.0,220.0
South Dakota,2020-09-20,297.0,236.0
South Dakota,2020-09-27,445.0,211.0
South Dakota,2020-10-04,392.0,139.0
South Dakota,2020-10-11,535.0,165.0
South Dakota,2020-10-18,793.0,103.0
South Dakota,2020-10-25,658.0,31.0
South Dakota,2020-11-01,1062.0,42.0
South Dakota,2020-11-08,1332.0,74.0
South Dakota,2020-11-15,1428.0,16.0
South Dakota,2020-11-22,1144.0,31.0
South Dakota,2020-11-29,851.0,29.0
South Dakota,2020-12-06,906.0,31.0
South Dakota,2020-12-13,704.0,16.0
South Dakota,2020-12-20,575.0,17.0
South Dakota,2020-12-27,417.0,13.0
South Dakota,2021-01-03,444.0,27.0
South Dakota,2021-01-10,448.0,4.0
South Dakota,2021-01-17,341.0,11.0
South Dakota,2021-01-24,266.0,1.0
South Dakota,2021-01-31,185.0,-1.0
South Dakota,2021-02-07,174.0,-5.0
South Dakota,2021-02-14,137.0,-21.0
South Dakota,2021-02-21,147.0,-6.0
Tennessee,2020-04-19,217.0,1.0
Tennessee,2020-04-26,314.5,4.0
Tennessee,2020-05-03,369.0,28.0
Tennessee,2020-05-10,327.0,19.0
Tennessee,2020-05-17,303.0,56.0
Tennessee,2020-05-24,401.0,43.0
Tennessee,2020-05-31,390.0,67.0
Tennessee,2020-06-07,474.0,84.0
Tennessee,2020-06-14,431.0,98.0
Tennessee,2020-06-21,661.0,98.0
Tennessee,2020-06-28,750.0,96.0
Tennessee,2020-07-05,1575.0,84.0
Tennessee,2020-07-12,1475.0,95.0
Tennessee,2020-07-19,2279.0,92.0
Tennessee,2020-07-26,2091.0,82.0
Tennessee,2020-08-02,2553.0,87.0
Tennessee,2020-08-09,1803.0,98.0
Tennessee,2020-08-16,1478.0,70.0
Tennessee,2020-08-23,1375.0,74.0
Tennessee,2020-08-30,1636.0,61.0
Tennessee,2020-09-06,1502.0,62.0
Tennessee,2020-09-13,1032.0,82.0
Tennessee,2020-09-20,1053.0,86.0
Tennessee,2020-09-27,1437.0,74.0
Tennessee,2020-10-04,1192.0,62.0
Tennessee,2020-10-11,1676.0,57.0
Tennessee,2020-10-18,2068.0,62.0
Tennessee,2020-10-25,2574.0,69.0
Tennessee,2020-11-01,2446.0,40.0
Tennessee,2020-11-08,1969.0,38.0
Tennessee,2020-11-15,3636.0,33.0
Tennessee,2020-11-22,4355.0,17.0
Tennessee,2020-11-29,4340.0,28.0
Tennessee,2020-12-06,4356.0,2.0
Tennessee,2020-12-13,6691.0,14.0
Tennessee,2020-12-20,10319.0,0.0
Tennessee,2020-12-27,7221.0,13.0
Tennessee,2021-01-03,4797.0,14.0
Tennessee,2021-01-10,5844.0,-18.0
Tennessee,2021-01-17,4808.0,-11.0
Tennessee,2021-01-24,4029.0,-6.0
Tennessee,2021-01-31,2251.0,-11.0
Tennessee,2021-02-07,2661.0,-18.0
Tennessee,2021-02-14,1792.0,-18.0
Tennessee,2021-02-21,1143.0,-32.0
Texas,2020-04-19,799.0,-29.0
Texas,2020-04-26,865.0,-14.5
Texas,2020-05-03,1036.0,-3.0
Texas,2020-05-10,1088.0,-2.0
Texas,2020-05-17,1245.0,-1.0
Texas,2020-05-24,1115.0,10.0
Texas,2020-05-31,1034.0,9.0
Texas,2020-06-07,1699.0,14.0
Texas,2020-06-14,1954.0,20.0
Texas,2020-06-21,3447.0,17.0
Texas,2020-06-28,5583.0,0.0
Texas,2020-07-05,6389.0,9.0
Texas,2020-07-12,9364.0,2.0
Texas,2020-07-19,10398.0,1.0
Texas,2020-07-26,8830.0,0.0
Texas,2020-08-02,8766.0,-1.0
Texas,2020-08-09,7919.0,8.0
Texas,2020-08-16,7000.0,1.0
Texas,2020-08-23,5608.0,1.0
Texas,2020-08-30,5039.0,-1.0
Texas,2020-09-06,4175.0,-3.0
Texas,2020-09-13,2867.0,5.0
Texas,2020-09-20,4050.0,7.0
Texas,2020-09-27,4866.0,-7.0
Texas,2020-10-04,4722.0,1.0
Texas,2020-10-11,4273.0,-1.0
Texas,2020-10-18,4888.0,6.0
Texas,2020-10-25,5535.0,1.0
Texas,2020-11-01,6878.0,-14.0
Texas,2020-11-08,9721.0,-10.0
Texas,2020-11-15,11283.0,-12.0
Texas,2020-11-22,13379.0,-13.0
Texas,2020-11-29,8529.0,-17.0
Texas,2020-12-06,14602.0,-26.0
Texas,2020-12-13,14531.0,-17.0
Texas,2020-12-20,17143.0,-27.0
Texas,2020-12-27,9798.0,-17.0
Texas,2021-01-03,18225.0,-26.0
Texas,2021-01-10,20626.0,-32.0
Texas,2021-01-17,24441.0,-22.0
Texas,2021-01-24,18918.0,-31.0
Texas,2021-01-31,18599.0,-19.0
Texas,2021-02-07,14579.0,-19.0
Texas,2021-02-14,11606.0,-51.0
Texas,2021-02-21,4875.0,-55.0
Utah,2020-04-19,124.0,38.0
Utah,2020-04-26,157.0,74.0
Utah,2020-05-03,156.0,85.0
Utah,2020-05-10,146.0,101.0
Utah,2020-05-17,148.0,97.0
Utah,2020-05-24,170.0,102.0
Utah,2020-05-31,132.0,135.0
Utah,2020-06-07,295.0,120.0
Utah,2020-06-14,305.0,159.0
Utah,2020-06-21,407.0,165.0
Utah,2020-06-28,484.0,164.0
Utah,2020-07-05,554.0,172.0
Utah,2020-07-12,601.0,153.0
Utah,2020-07-19,629.0,159.0
Utah,2020-07-26,566.0,154.0
Utah,2020-08-02,446.0,139.0
Utah,2020-08-09,421.0,154.0
Utah,2020-08-16,345.0,146.0
Utah,2020-08-23,364.0,123.0
Utah,2020-08-30,391.0,124.0
Utah,2020-09-06,433.0,131.0
Utah,2020-09-13,373.0,129.0
Utah,2020-09-20,747.0,133.0
Utah,2020-09-27,920.0,117.0
Utah,2020-10-04,1008.0,105.0
Utah,2020-10-11,1343.0,105.0
Utah,2020-10-18,1200.0,94.0
Utah,2020-10-25,1363.0,74.0
Utah,2020-11-01,1724.0,51.0
Utah,2020-11-08,2110.0,37.0
Utah,2020-11-15,2386.0,-1.0
Utah,2020-11-22,3178.0,14.0
Utah,2020-11-29,2244.0,15.0
Utah,2020-12-06,3005.0,7.0
Utah,2020-12-13,2563.0,0.0
Utah,2020-12-20,2408.0,1.0
Utah,2020-12-27,2302.0,16.0
Utah,2021-01-03,2614.0,9.0
Utah,2021-01-10,3318.0,-2.0
Utah,2021-01-17,2276.0,3.0
Utah,2021-01-24,1771.0,3.0
Utah,2021-01-31,1516.0,-9.0
Utah,2021-02-07,1211.0,-2.0
Utah,2021-02-14,943.0,8.0
Utah,2021-02-21,778.0,-4.0
Vermont,2020-04-19,10.0,10.0
Vermont,2020-04-26,2.5,-1.0
Vermont,2020-05-03,7.0,55.0
Vermont,2020-05-10,5.0,23.0
Vermont,2020-05-17,2.0,77.0
Vermont,2020-05-24,2.0,121.0
Vermont,2020-05-31,3.0,122.0
Vermont,2020-06-07,4.0,115.0
Vermont,2020-06-14,11.0,120.0
Vermont,2020-06-21,3.0,189.0
Vermont,2020-06-28,7.0,165.0
Vermont,2020-07-05,2.0,195.0
Vermont,2020-07-12,5.0,174.0
Vermont,2020-07-19,7.0,170.0
Vermont,2020-07-26,10.0,222.0
Vermont,2020-08-02,3.0,189.0
Vermont,2020-08-09,5.0,195.0
Vermont,2020-08-16,6.0,212.0
Vermont,2020-08-23,,
Vermont,2020-08-30,,
Vermont,2020-09-06,,
Vermont,2020-09-13,7.0,122.0
Vermont,2020-09-20,4.0,129.0
Vermont,2020-09-27,4.0,120.0
Vermont,2020-10-04,3.0,103.0
Vermont,2020-10-11,8.0,128.0
Vermont,2020-10-18,11.0,104.0
Vermont,2020-10-25,15.0,63.0
Vermont,2020-11-01,21.0,9.0
Vermont,2020-11-08,23.0,23.0
Vermont,2020-11-15,73.0,14.0
Vermont,2020-11-22,96.0,5.0
Vermont,2020-11-29,65.0,5.0
Vermont,2020-12-06,121.0,-15.0
Vermont,2020-12-13,105.0,-4.0
Vermont,2020-12-20,100.0,-10.0
Vermont,2020-12-27,91.0,2.0
Vermont,2021-01-03,82.0,8.0
Vermont,2021-01-10,165.0,-7.0
Vermont,2021-01-17,169.0,-11.0
Vermont,2021-01-24,149.0,-18.0
Vermont,2021-01-31,132.0,-15.0
Vermont,2021-02-07,133.0,-9.0
Vermont,2021-02-14,134.0,-8.0
Vermont,2021-02-21,108.0,0.0
Virginia,2020-04-19,473.0,14.0
Virginia,2020-04-26,638.0,3.5
Virginia,2020-05-03,801.0,23.0
Virginia,2020-05-10,821.0,8.0
Virginia,2020-05-17,946.0,48.0
Virginia,2020-05-24,799.0,14.0
Virginia,2020-05-31,1132.0,64.0
Virginia,2020-06-07,841.0,63.0
Virginia,2020-06-14,564.0,85.0
Virginia,2020-06-21,463.0,69.0
Virginia,2020-06-28,529.0,99.0
Virginia,2020-07-05,532.0,102.0
Virginia,2020-07-12,638.0,89.0
Virginia,2020-07-19,940.0,91.0
Virginia,2020-07-26,1022.0,74.0
Virginia,2020-08-02,958.0,78.0
Virginia,2020-08-09,1145.0,76.0
Virginia,2020-08-16,912.0,57.0
Virginia,2020-08-23,861.0,82.0
Virginia,2020-08-30,1003.0,72.0
Virginia,2020-09-06,989.0,62.0
Virginia,2020-09-13,1115.0,78.0
Virginia,2020-09-20,946.0,74.0
Virginia,2020-09-27,872.0,59.0
Virginia,2020-10-04,755.0,50.0
Virginia,2020-10-11,1067.0,59.0
Virginia,2020-10-18,1114.0,59.0
Virginia,2020-10-25,1018.0,61.0
Virginia,2020-11-01,1345.0,27.0
Virginia,2020-11-08,1261.0,41.0
Virginia,2020-11-15,1435.0,25.0
Virginia,2020-11-22,2125.0,15.0
Virginia,2020-11-29,2600.0,25.0
Virginia,2020-12-06,2325.0,2.0
Virginia,2020-12-13,3880.0,5.0
Virginia,2020-12-20,3295.0,-15.0
Virginia,2020-12-27,4042.0,-4.0
Virginia,2021-01-03,4048.0,11.0
Virginia,2021-01-10,5238.0,-8.0
Virginia,2021-01-17,4795.0,-1.0
Virginia,2021-01-24,4526.0,-4.0
Virginia,2021-01-31,4707.0,-22.0
Virginia,2021-02-07,2959.0,-23.0
Virginia,2021-02-14,3203.0,-35.0
Virginia,2021-02-21,2034.0,-17.0
Washington,2020-04-19,164.0,31.0
Washington,2020-04-26,228.5,13.5
Washington,2020-05-03,228.0,17.0
Washington,2020-05-10,277.0,78.0
Washington,2020-05-17,217.0,41.0
Washington,2020-05-24,148.0,51.0
Washington,2020-05-31,278.0,81.0
Washington,2020-06-07,284.0,69.0
Washington,2020-06-14,284.0,56.0
Washington,2020-06-21,406.0,93.0
Washington,2020-06-28,494.0,122.0
Washington,2020-07-05,608.0,97.0
Washington,2020-07-12,639.0,97.0
Washington,2020-07-19,934.0,138.0
Washington,2020-07-26,799.0,129.0
Washington,2020-08-02,778.0,132.0
Washington,2020-08-09,685.0,123.0
Washington,2020-08-16,592.0,127.0
Washington,2020-08-23,532.0,113.0
Washington,2020-08-30,473.0,123.0
Washington,2020-09-06,475.0,121.0
Washington,2020-09-13,364.0,79.0
Washington,2020-09-20,384.0,34.0
Washington,2020-09-27,544.0,31.0
Washington,2020-10-04,532.0,59.0
Washington,2020-10-11,556.0,41.0
Washington,2020-10-18,698.0,31.0
Washington,2020-10-25,741.0,34.0
Washington,2020-11-01,876.0,28.0
Washington,2020-11-08,1450.0,10.0
Washington,2020-11-15,2025.0,-7.0
Washington,2020-11-22,2111.0,-8.0
Washington,2020-11-29,2873.0,6.0
Washington,2020-12-06,2269.0,17.0
Washington,2020-12-13,3149.0,-3.0
Washington,2020-12-20,2092.0,-9.0
Washington,2020-12-27,2315.0,-7.0
Washington,2021-01-03,1484.0,-3.0
Washington,2021-01-10,2988.0,-3.0
Washington,2021-01-17,2193.0,9.0
Washington,2021-01-24,2050.0,11.0
Washington,2021-01-31,1807.0,-2.0
Washington,2021-02-07,1493.0,-1.0
Washington,2021-02-14,880.0,-23.0
Washington,2021-02-21,897.0,-8.0
West Virginia,2020-04-19,29.0,-8.0
West Virginia,2020-04-26,20.5,8.0
West Virginia,2020-05-03,27.0,8.0
West Virginia,2020-05-10,29.0,6.0
West Virginia,2020-05-17,20.0,33.0
West Virginia,2020-05-24,22.0,22.0
West Virginia,2020-05-31,36.0,55.0
West Virginia,2020-06-07,21.0,55.0
West Virginia,2020-06-14,23.0,67.0
West Virginia,2020-06-21,32.0,68.0
West Virginia,2020-06-28,38.0,77.0
West Virginia,2020-07-05,73.0,102.0
West Virginia,2020-07-12,157.0,72.0
West Virginia,2020-07-19,100.0,83.0
West Virginia,2020-07-26,96.0,64.0
West Virginia,2020-08-02,121.0,57.0
West Virginia,2020-08-09,116.0,77.0
West Virginia,2020-08-16,132.0,66.0
West Virginia,2020-08-23,180.0,66.0
West Virginia,2020-08-30,117.0,45.5
West Virginia,2020-09-06,171.0,38.0
West Virginia,2020-09-13,251.5,79.0
West Virginia,2020-09-20,204.0,69.0
West Virginia,2020-09-27,204.0,55.0
West Virginia,2020-10-04,176.0,44.0
West Virginia,2020-10-11,193.0,57.0
West Virginia,2020-10-18,261.0,51.0
West Virginia,2020-10-25,276.0,53.0
West Virginia,2020-11-01,399.0,31.0
West Virginia,2020-11-08,423.0,26.0
West Virginia,2020-11-15,795.0,18.0
West Virginia,2020-11-22,942.0,11.0
West Virginia,2020-11-29,880.0,25.0
West Virginia,2020-12-06,1120.0,-7.0
West Virginia,2020-12-13,1233.0,-2.0
West Virginia,2020-12-20,1266.0,-13.0
West Virginia,2020-12-27,1303.0,-6.0
West Virginia,2021-01-03,1337.0,-2.0
West Virginia,2021-01-10,1516.0,-15.0
West Virginia,2021-01-17,1189.0,-9.0
West Virginia,2021-01-24,988.0,-16.0
West Virginia,2021-01-31,797.0,-23.0
West Virginia,2021-02-07,549.0,-18.0
West Virginia,2021-02-14,429.0,-16.0
West Virginia,2021-02-21,301.0,-23.0
Wisconsin,2020-04-19,147.0,32.0
Wisconsin,2020-04-26,213.5,55.0
Wisconsin,2020-05-03,231.0,94.0
Wisconsin,2020-05-10,330.0,67.0
Wisconsin,2020-05-17,291.0,103.0
Wisconsin,2020-05-24,472.0,177.0
Wisconsin,2020-05-31,512.0,159.0
Wisconsin,2020-06-07,357.0,189.0
Wisconsin,2020-06-14,272.0,212.0
Wisconsin,2020-06-21,266.0,249.0
Wisconsin,2020-06-28,432.0,210.0
Wisconsin,2020-07-05,540.0,299.0
Wisconsin,2020-07-12,598.0,233.0
Wisconsin,2020-07-19,880.0,251.0
Wisconsin,2020-07-26,953.0,245.0
Wisconsin,2020-08-02,870.0,254.0
Wisconsin,2020-08-09,884.0,252.0
Wisconsin,2020-08-16,724.0,241.0
Wisconsin,2020-08-23,740.0,226.0
Wisconsin,2020-08-30,768.0,171.0
Wisconsin,2020-09-06,727.0,191.0
Wisconsin,2020-09-13,893.0,116.0
Wisconsin,2020-09-20,1582.0,177.0
Wisconsin,2020-09-27,1762.0,155.0
Wisconsin,2020-10-04,2367.0,87.0
Wisconsin,2020-10-11,2319.0,131.0
Wisconsin,2020-10-18,3107.0,76.0
Wisconsin,2020-10-25,4643.0,41.0
Wisconsin,2020-11-01,5145.0,41.0
Wisconsin,2020-11-08,6256.0,83.0
Wisconsin,2020-11-15,7432.0,8.0
Wisconsin,2020-11-22,7077.0,29.0
Wisconsin,2020-11-29,5473.0,31.0
Wisconsin,2020-12-06,4635.0,18.0
Wisconsin,2020-12-13,4478.0,8.0
Wisconsin,2020-12-20,3921.0,7.0
Wisconsin,2020-12-27,2045.0,10.0
Wisconsin,2021-01-03,2558.0,19.0
Wisconsin,2021-01-10,4019.0,3.0
Wisconsin,2021-01-17,2706.0,5.0
Wisconsin,2021-01-24,1933.0,-2.0
Wisconsin,2021-01-31,1564.0,-5.0
Wisconsin,2021-02-07,1296.0,-24.0
Wisconsin,2021-02-14,866.0,-25.0
Wisconsin,2021-02-21,779.0,-10.0
Wyoming,2020-04-19,5.0,-21.0
Wyoming,2020-04-26,12.0,40.0
Wyoming,2020-05-03,13.0,49.0
Wyoming,2020-05-10,9.0,47.0
Wyoming,2020-05-17,13.0,47.0
Wyoming,2020-05-24,11.0,101.0
Wyoming,2020-05-31,10.0,145.0
Wyoming,2020-06-07,6.0,143.0
Wyoming,2020-06-14,13.0,205.0
Wyoming,2020-06-21,14.5,229.5
Wyoming,2020-06-28,26.0,271.0
Wyoming,2020-07-05,29.5,310.0
Wyoming,2020-07-12,32.5,312.5
Wyoming,2020-07-19,40.0,316.0
Wyoming,2020-07-26,50.5,326.5
Wyoming,2020-08-02,41.5,318.0
Wyoming,2020-08-09,39.0,329.0
Wyoming,2020-08-16,35.0,322.0
Wyoming,2020-08-23,,
Wyoming,2020-08-30,,
Wyoming,2020-09-06,,
Wyoming,2020-09-13,47.0,236.0
Wyoming,2020-09-20,49.0,244.0
Wyoming,2020-09-27,91.0,184.0
Wyoming,2020-10-04,131.0,158.0
Wyoming,2020-10-11,139.0,136.0
Wyoming,2020-10-18,191.0,87.0
Wyoming,2020-10-25,271.0,26.0
Wyoming,2020-11-01,340.0,26.0
Wyoming,2020-11-08,425.0,25.0
Wyoming,2020-11-15,713.0,-8.0
Wyoming,2020-11-22,822.0,1.0
Wyoming,2020-11-29,759.0,2.0
Wyoming,2020-12-06,571.0,0.0
Wyoming,2020-12-13,410.0,-8.0
Wyoming,2020-12-20,289.0,-9.0
Wyoming,2020-12-27,261.0,-9.0
Wyoming,2021-01-03,210.0,-4.0
Wyoming,2021-01-10,312.0,-10.0
Wyoming,2021-01-17,217.0,-9.0
Wyoming,2021-01-24,214.0,-10.0
Wyoming,2021-01-31,164.0,-2.0
Wyoming,2021-02-07,145.0,-13.0
Wyoming,2021-02-14,46.0,-23.0
Wyoming,2021-02-21,81.0,-16.0
